,data_file,sample_notes,Amt_uM_Loganic acid,Amt_uM_Loganin,Amt_uM_Secologanin,Amt_uM_Strictosidine,Amt_uM_Tryptamine,sample,well,plate,strain,col_no,genotype,medium,norm_strict_%
0,210519_TMET517_018.xms,96WP1056_A01,0.0,0.0,0.0,0.271198899,916.8168206,96WP1056,A01,yp49,MIA-HA-51,1.0,CacuG8H CroCPR,YPD + 1 mM tryptamine + 0.2 mM geraniol,0.9227925961906797
1,210519_TMET517_019.xms,96WP1056_A02,0.0,0.0,0.0,0.075111672,1003.256653,96WP1056,A02,yp49,MIA-HA-51,2.0,CacuG8H CroCPR,YPD + 1 mM tryptamine + 0.2 mM geraniol,0.25557808333544446
2,210519_TMET517_021.xms,96WP1056_A04,0.0,0.0,0.0,0.056514692,848.287124,96WP1056,A04,yp49,MIA-HA-52,1.0,CacuG8H AanCPR,YPD + 1 mM tryptamine + 0.2 mM geraniol,0.19229922962775978
3,210519_TMET517_022.xms,96WP1056_A05,0.0,0.0,0.0,0.0,792.7198227,96WP1056,A05,yp49,MIA-HA-52,2.0,CacuG8H AanCPR,YPD + 1 mM tryptamine + 0.2 mM geraniol,0.0
4,210519_TMET517_023.xms,96WP1056_A06,0.0,0.0,0.0,0.315967733,1061.010835,96WP1056,A06,yp49,MIA-HA-52,3.0,CacuG8H AanCPR,YPD + 1 mM tryptamine + 0.2 mM geraniol,1.0751248833335179
5,210519_TMET517_024.xms,96WP1056_A07,0.0,0.0,0.0,0.273532239,756.5657284,96WP1056,A07,yp49,MIA-HA-53,1.0,CacuG8H AraCPR,YPD + 1 mM tryptamine + 0.2 mM geraniol,0.9307321154303781
6,210519_TMET517_025.xms,96WP1056_A08,0.0,0.0,0.0,0.062366888,631.2707215,96WP1056,A08,yp49,MIA-HA-53,2.0,CacuG8H AraCPR,YPD + 1 mM tryptamine + 0.2 mM geraniol,0.2122121539064705
7,210519_TMET517_026.xms,96WP1056_A09,0.0,0.0,0.0,0.0,691.2610411,96WP1056,A09,yp49,MIA-HA-53,3.0,CacuG8H AraCPR,YPD + 1 mM tryptamine + 0.2 mM geraniol,0.0
8,210519_TMET517_027.xms,96WP1056_A10,0.0,0.0,0.0,0.0,1216.886157,96WP1056,A10,yp49,MIA-HA-54,1.0,CacuG8H CloCPR,YPD + 1 mM tryptamine + 0.2 mM geraniol,0.0
9,210519_TMET517_028.xms,96WP1056_A11,0.0,0.0,0.0,0.0,680.0612533,96WP1056,A11,yp49,MIA-HA-54,2.0,CacuG8H CloCPR,YPD + 1 mM tryptamine + 0.2 mM geraniol,0.0
10,210519_TMET517_029.xms,96WP1056_A12,0.0,0.0,0.0,0.0,754.3738672,96WP1056,A12,yp49,MIA-HA-54,3.0,CacuG8H CloCPR,YPD + 1 mM tryptamine + 0.2 mM geraniol,0.0
11,210519_TMET517_032.xms,96WP1056_B02,0.0,0.0,0.0,0.071349681,1336.272488,96WP1056,B02,yp49,MIA-HA-55,2.0,CacuG8H RseCPR,YPD + 1 mM tryptamine + 0.2 mM geraniol,0.2427773770842883
12,210519_TMET517_033.xms,96WP1056_B03,0.0,0.0,0.0,0.0,920.5952191,96WP1056,B03,yp49,MIA-HA-55,3.0,CacuG8H RseCPR,YPD + 1 mM tryptamine + 0.2 mM geraniol,0.0
13,210519_TMET517_034.xms,96WP1056_B04,0.0,0.0,0.0,0.0,841.0308888,96WP1056,B04,yp49,MIA-HA-56,1.0,CacuG8H AhuCPR,YPD + 1 mM tryptamine + 0.2 mM geraniol,0.0
14,210519_TMET517_035.xms,96WP1056_B05,0.0,0.0,0.0,0.0,672.2711334,96WP1056,B05,yp49,MIA-HA-56,2.0,CacuG8H AhuCPR,YPD + 1 mM tryptamine + 0.2 mM geraniol,0.0
15,210519_TMET517_036.xms,96WP1056_B06,0.0,0.0,0.0,0.0,731.4989764,96WP1056,B06,yp49,MIA-HA-56,3.0,CacuG8H AhuCPR,YPD + 1 mM tryptamine + 0.2 mM geraniol,0.0
16,210519_TMET517_037.xms,96WP1056_B07,0.0,0.0,0.0,0.0,1162.522725,96WP1056,B07,yp49,MIA-HA-57,1.0,CacuG8H AniCPR,YPD + 1 mM tryptamine + 0.2 mM geraniol,0.0
17,210519_TMET517_038.xms,96WP1056_B08,0.0,0.0,0.0,0.0,1402.168113,96WP1056,B08,yp49,MIA-HA-57,2.0,CacuG8H AniCPR,YPD + 1 mM tryptamine + 0.2 mM geraniol,0.0
18,210519_TMET517_039.xms,96WP1056_B09,0.0,0.0,0.0,0.0,1147.721396,96WP1056,B09,yp49,MIA-HA-57,3.0,CacuG8H AniCPR,YPD + 1 mM tryptamine + 0.2 mM geraniol,0.0
19,210519_TMET517_040.xms,96WP1056_B10,0.0,0.0,0.0,0.0,681.3554238,96WP1056,B10,yp49,MIA-HA-58,1.0,CacuG8H CacCPR,YPD + 1 mM tryptamine + 0.2 mM geraniol,0.0
20,210519_TMET517_041.xms,96WP1056_B11,0.0,0.0,0.0,0.076985129,1223.612551,96WP1056,B11,yp49,MIA-HA-58,2.0,CacuG8H CacCPR,YPD + 1 mM tryptamine + 0.2 mM geraniol,0.2619527856489727
21,210519_TMET517_042.xms,96WP1056_B12,0.0,0.0,0.0,0.263737113,1128.980271,96WP1056,B12,yp49,MIA-HA-58,3.0,CacuG8H CacCPR,YPD + 1 mM tryptamine + 0.2 mM geraniol,0.8974028143716937
22,210519_TMET517_044.xms,96WP1056_C01,0.0,0.0,0.0,0.149625874,853.1795157,96WP1056,C01,yp49,MIA-HA-59,1.0,CacuG8H OeuCPR,YPD + 1 mM tryptamine + 0.2 mM geraniol,0.5091231905250453
23,210519_TMET517_045.xms,96WP1056_C02,0.0,0.0,0.0,0.047390542,937.5099488,96WP1056,C02,yp49,MIA-HA-59,2.0,CacuG8H OeuCPR,YPD + 1 mM tryptamine + 0.2 mM geraniol,0.1612530192722628
24,210519_TMET517_046.xms,96WP1056_C03,0.0,0.0,0.0,0.125184236,950.9398202,96WP1056,C03,yp49,MIA-HA-59,3.0,CacuG8H OeuCPR,YPD + 1 mM tryptamine + 0.2 mM geraniol,0.4259570616493792
25,210519_TMET517_047.xms,96WP1056_C04,0.0,0.0,0.0,0.047430122,1195.336587,96WP1056,C04,yp49,MIA-HA-60,1.0,CacuG8H CpoCPR,YPD + 1 mM tryptamine + 0.2 mM geraniol,0.1613876958181186
26,210519_TMET517_048.xms,96WP1056_C05,0.0,0.0,0.0,0.0,968.8620522,96WP1056,C05,yp49,MIA-HA-60,2.0,CacuG8H CpoCPR,YPD + 1 mM tryptamine + 0.2 mM geraniol,0.0
27,210519_TMET517_049.xms,96WP1056_C06,0.0,0.0,0.0,0.0,1036.588166,96WP1056,C06,yp49,MIA-HA-60,3.0,CacuG8H CpoCPR,YPD + 1 mM tryptamine + 0.2 mM geraniol,0.0
28,210519_TMET517_050.xms,96WP1056_C07,0.0,0.0,0.0,0.181378517,680.470553,96WP1056,C07,yp49,MIA-HA-61,1.0,OpumG8H CroCPR,YPD + 1 mM tryptamine + 0.2 mM geraniol,0.6171660475496449
29,210519_TMET517_051.xms,96WP1056_C08,0.0,0.0,0.0,0.064824623,850.1333104,96WP1056,C08,yp49,MIA-HA-61,2.0,OpumG8H CroCPR,YPD + 1 mM tryptamine + 0.2 mM geraniol,0.2205749447207455
30,210519_TMET517_052.xms,96WP1056_C09,0.0,0.0,0.0,11.28045121,641.1446012,96WP1056,C09,yp49,MIA-HA-61,3.0,OpumG8H CroCPR,YPD + 1 mM tryptamine + 0.2 mM geraniol,38.383330082317904
31,210519_TMET517_053.xms,96WP1056_C10,0.0,0.0,0.0,0.250470249,727.2523218,96WP1056,C10,yp49,MIA-HA-62,1.0,OpumG8H AanCPR,YPD + 1 mM tryptamine + 0.2 mM geraniol,0.8522604339305816
32,210519_TMET517_054.xms,96WP1056_C11,0.0,1.289289923,0.0,10.27062405,617.7970603,96WP1056,C11,yp49,MIA-HA-62,2.0,OpumG8H AanCPR,YPD + 1 mM tryptamine + 0.2 mM geraniol,34.94725040014979
33,210519_TMET517_055.xms,96WP1056_C12,0.0,0.0,0.0,0.116410653,944.9622956,96WP1056,C12,yp49,MIA-HA-62,3.0,OpumG8H AanCPR,YPD + 1 mM tryptamine + 0.2 mM geraniol,0.3961037050748585
34,210519_TMET517_057.xms,96WP1056_D01,0.0,0.0,0.0,0.049041597,746.4809637,96WP1056,D01,yp49,MIA-HA-63,1.0,OpumG8H AraCPR,YPD + 1 mM tryptamine + 0.2 mM geraniol,0.16687096733739706
35,210519_TMET517_058.xms,96WP1056_D02,0.0,0.0,0.0,0.291422432,761.0185433,96WP1056,D02,yp49,MIA-HA-63,2.0,OpumG8H AraCPR,YPD + 1 mM tryptamine + 0.2 mM geraniol,0.9916060264443839
36,210519_TMET517_059.xms,96WP1056_D03,0.0,0.0,0.0,0.0,985.2106666,96WP1056,D03,yp49,MIA-HA-63,3.0,OpumG8H AraCPR,YPD + 1 mM tryptamine + 0.2 mM geraniol,0.0
37,210519_TMET517_060.xms,96WP1056_D04,0.0,0.0,0.0,0.0,872.7746411,96WP1056,D04,yp49,MIA-HA-64,1.0,OpumG8H CloCPR,YPD + 1 mM tryptamine + 0.2 mM geraniol,0.0
38,210519_TMET517_061.xms,96WP1056_D05,0.0,0.0,0.0,0.271036809,498.8517726,96WP1056,D05,yp49,MIA-HA-64,2.0,OpumG8H CloCPR,YPD + 1 mM tryptamine + 0.2 mM geraniol,0.9222410620492503
39,210519_TMET517_062.xms,96WP1056_D06,0.0,0.0,0.0,0.084560002,910.7291911,96WP1056,D06,yp49,MIA-HA-64,3.0,OpumG8H CloCPR,YPD + 1 mM tryptamine + 0.2 mM geraniol,0.28772736197380017
40,210519_TMET517_063.xms,96WP1056_D07,0.0,0.0,0.0,0.346186177,962.7378542,96WP1056,D07,yp49,MIA-HA-65,1.0,OpumG8H RseCPR,YPD + 1 mM tryptamine + 0.2 mM geraniol,1.177947411354189
41,210519_TMET517_064.xms,96WP1056_D08,0.0,0.0,0.0,0.681431291,743.0228249,96WP1056,D08,yp49,MIA-HA-65,2.0,OpumG8H RseCPR,YPD + 1 mM tryptamine + 0.2 mM geraniol,2.3186663089935946
42,210519_TMET517_065.xms,96WP1056_D09,0.0,0.0,0.0,0.052854477,681.4642055,96WP1056,D09,yp49,MIA-HA-65,3.0,OpumG8H RseCPR,YPD + 1 mM tryptamine + 0.2 mM geraniol,0.17984483060578563
43,210519_TMET517_066.xms,96WP1056_D10,0.0,0.0,0.0,0.150558833,460.8755711,96WP1056,D10,yp49,MIA-HA-66,1.0,OpumG8H AhuCPR,YPD + 1 mM tryptamine + 0.2 mM geraniol,0.5122977154251241
44,210519_TMET517_067.xms,96WP1056_D11,0.0,0.0,0.0,0.0,587.0901136,96WP1056,D11,yp49,MIA-HA-66,2.0,OpumG8H AhuCPR,YPD + 1 mM tryptamine + 0.2 mM geraniol,0.0
45,210519_TMET517_068.xms,96WP1056_D12,0.0,0.0,0.0,0.0,619.3532705,96WP1056,D12,yp49,MIA-HA-66,3.0,OpumG8H AhuCPR,YPD + 1 mM tryptamine + 0.2 mM geraniol,0.0
46,210519_TMET517_083.xms,96WP1056_E01,0.0,0.0,0.0,0.096245547,766.6255773,96WP1056,E01,yp49,MIA-HA-67,1.0,OpumG8H AniCPR,YPD + 1 mM tryptamine + 0.2 mM geraniol,0.32748908094911583
47,210519_TMET517_084.xms,96WP1056_E02,0.0,0.0,0.0,0.095075108,1160.402203,96WP1056,E02,yp49,MIA-HA-67,2.0,OpumG8H AniCPR,YPD + 1 mM tryptamine + 0.2 mM geraniol,0.323506496773902
48,210519_TMET517_085.xms,96WP1056_E03,0.0,0.0,0.0,0.0,715.084384,96WP1056,E03,yp49,MIA-HA-67,3.0,OpumG8H AniCPR,YPD + 1 mM tryptamine + 0.2 mM geraniol,0.0
49,210519_TMET517_086.xms,96WP1056_E04,0.0,0.0,0.0,1.886535236,547.5282549,96WP1056,E04,yp49,MIA-HA-68,1.0,OpumG8H CacCPR,YPD + 1 mM tryptamine + 0.2 mM geraniol,6.4192028605309215
50,210519_TMET517_087.xms,96WP1056_E05,0.0,0.0,0.0,0.0,728.3260392,96WP1056,E05,yp49,MIA-HA-68,2.0,OpumG8H CacCPR,YPD + 1 mM tryptamine + 0.2 mM geraniol,0.0
51,210519_TMET517_088.xms,96WP1056_E06,0.0,0.0,0.0,0.375839192,669.078748,96WP1056,E06,yp49,MIA-HA-68,3.0,OpumG8H CacCPR,YPD + 1 mM tryptamine + 0.2 mM geraniol,1.278845987261502
52,210519_TMET517_089.xms,96WP1056_E07,0.0,0.0,0.0,0.0,1067.303745,96WP1056,E07,yp49,MIA-HA-69,1.0,OpumG8H OeuCPR,YPD + 1 mM tryptamine + 0.2 mM geraniol,0.0
53,210519_TMET517_090.xms,96WP1056_E08,0.0,0.0,0.0,0.084058654,929.7920422,96WP1056,E08,yp49,MIA-HA-69,2.0,OpumG8H OeuCPR,YPD + 1 mM tryptamine + 0.2 mM geraniol,0.28602145452277095
54,210519_TMET517_091.xms,96WP1056_E09,0.0,0.0,0.0,0.227093503,1088.080352,96WP1056,E09,yp49,MIA-HA-69,3.0,OpumG8H OeuCPR,YPD + 1 mM tryptamine + 0.2 mM geraniol,0.7727177506403
55,210519_TMET517_092.xms,96WP1056_E10,0.0,0.0,0.0,2.014252596,765.539814,96WP1056,E10,yp49,MIA-HA-70,1.0,OpumG8H CpoCPR,YPD + 1 mM tryptamine + 0.2 mM geraniol,6.85377923472564
56,210519_TMET517_093.xms,96WP1056_E11,0.0,0.0,0.0,0.270060501,883.370915,96WP1056,E11,yp49,MIA-HA-70,2.0,OpumG8H CpoCPR,YPD + 1 mM tryptamine + 0.2 mM geraniol,0.9189190360479511
57,210519_TMET517_094.xms,96WP1056_E12,0.0,0.0,0.0,0.0,568.424716,96WP1056,E12,yp49,MIA-HA-70,3.0,OpumG8H CpoCPR,YPD + 1 mM tryptamine + 0.2 mM geraniol,0.0
58,210519_TMET517_096.xms,96WP1056_F01,0.0,1.350409857,0.0,7.365141263,621.345993,96WP1056,F01,yp49,MIA-HA-71,1.0,CroG8H CroCPR,YPD + 1 mM tryptamine + 0.2 mM geraniol,25.060934437624216
59,210519_TMET517_097.xms,96WP1056_F02,0.0,0.0,0.0,0.152172192,552.4335663,96WP1056,F02,yp49,MIA-HA-71,2.0,CroG8H CroCPR,YPD + 1 mM tryptamine + 0.2 mM geraniol,0.5177873975207642
60,210519_TMET517_098.xms,96WP1056_F03,0.0,1.118868795,0.0,8.01430537,500.6806578,96WP1056,F03,yp49,MIA-HA-71,3.0,CroG8H CroCPR,YPD + 1 mM tryptamine + 0.2 mM geraniol,27.269807091094446
61,210519_TMET517_099.xms,96WP1056_F04,0.0,3.810548696,0.0,38.73805153,620.0036949,96WP1056,F04,yp49,MIA-HA-72,1.0,CroG8H AanCPR,YPD + 1 mM tryptamine + 0.2 mM geraniol,131.81169715123744
62,210519_TMET517_100.xms,96WP1056_F05,0.0,3.550161381,0.0,23.04201142,487.1068905,96WP1056,F05,yp49,MIA-HA-72,2.0,CroG8H AanCPR,YPD + 1 mM tryptamine + 0.2 mM geraniol,78.40370155675703
63,210519_TMET517_101.xms,96WP1056_F06,0.0,0.0,0.0,0.060069359,885.1671701,96WP1056,F06,yp49,MIA-HA-72,3.0,CroG8H AanCPR,YPD + 1 mM tryptamine + 0.2 mM geraniol,0.2043944866572632
64,210519_TMET517_102.xms,96WP1056_F07,0.0,0.0,0.0,0.256488305,669.1105418,96WP1056,F07,yp49,MIA-HA-73,1.0,CroG8H AraCPR,YPD + 1 mM tryptamine + 0.2 mM geraniol,0.8727377203087278
65,210519_TMET517_103.xms,96WP1056_F08,0.0,1.253640043,0.0,5.739600807,882.8975409,96WP1056,F08,yp49,MIA-HA-73,2.0,CroG8H AraCPR,YPD + 1 mM tryptamine + 0.2 mM geraniol,19.529803215718992
66,210519_TMET517_104.xms,96WP1056_F09,0.0,0.0,0.0,0.709600995,569.5059418,96WP1056,F09,yp49,MIA-HA-73,3.0,CroG8H AraCPR,YPD + 1 mM tryptamine + 0.2 mM geraniol,2.4145177095115695
67,210519_TMET517_105.xms,96WP1056_F10,0.0,0.0,0.0,0.077171721,463.2599925,96WP1056,F10,yp49,MIA-HA-74,1.0,CroG8H CloCPR,YPD + 1 mM tryptamine + 0.2 mM geraniol,0.2625876913095167
68,210519_TMET517_106.xms,96WP1056_F11,0.0,0.0,0.0,0.474308762,937.7985145,96WP1056,F11,yp49,MIA-HA-74,2.0,CroG8H CloCPR,YPD + 1 mM tryptamine + 0.2 mM geraniol,1.613902620902481
69,210519_TMET517_107.xms,96WP1056_F12,0.0,0.0,0.0,1.325868406,790.9465298,96WP1056,F12,yp49,MIA-HA-74,3.0,CroG8H CloCPR,YPD + 1 mM tryptamine + 0.2 mM geraniol,4.511454703877461
70,210519_TMET517_109.xms,96WP1056_G01,0.0,0.0,0.0,1.112403641,722.1177319,96WP1056,G01,yp49,MIA-HA-75,1.0,CroG8H RseCPR,YPD + 1 mM tryptamine + 0.2 mM geraniol,3.785110661125342
71,210519_TMET517_110.xms,96WP1056_G02,0.0,0.0,0.0,0.492494864,618.7436587,96WP1056,G02,yp49,MIA-HA-75,2.0,CroG8H RseCPR,YPD + 1 mM tryptamine + 0.2 mM geraniol,1.675783404124866
72,210519_TMET517_111.xms,96WP1056_G03,0.0,0.0,0.0,0.558312758,468.9545063,96WP1056,G03,yp49,MIA-HA-75,3.0,CroG8H RseCPR,YPD + 1 mM tryptamine + 0.2 mM geraniol,1.899738093852655
73,210519_TMET517_112.xms,96WP1056_G04,0.0,0.0,0.0,1.188821456,685.6390338,96WP1056,G04,yp49,MIA-HA-76,1.0,CroG8H AhuCPR,YPD + 1 mM tryptamine + 0.2 mM geraniol,4.045133080681953
74,210519_TMET517_113.xms,96WP1056_G05,0.0,0.0,0.0,0.209972294,772.0393709,96WP1056,G05,yp49,MIA-HA-76,2.0,CroG8H AhuCPR,YPD + 1 mM tryptamine + 0.2 mM geraniol,0.7144604164059408
75,210519_TMET517_114.xms,96WP1056_G06,0.0,0.0,0.0,0.313530731,775.467813,96WP1056,G06,yp49,MIA-HA-76,3.0,CroG8H AhuCPR,YPD + 1 mM tryptamine + 0.2 mM geraniol,1.066832639482993
76,210519_TMET517_115.xms,96WP1056_G07,0.0,0.0,0.0,0.373087434,551.1551991,96WP1056,G07,yp49,MIA-HA-77,1.0,CroG8H AniCPR,YPD + 1 mM tryptamine + 0.2 mM geraniol,1.269482741620492
77,210519_TMET517_116.xms,96WP1056_G08,0.0,0.0,0.0,0.405083212,654.7367994,96WP1056,G08,yp49,MIA-HA-77,2.0,CroG8H AniCPR,YPD + 1 mM tryptamine + 0.2 mM geraniol,1.3783528998572354
78,210519_TMET517_117.xms,96WP1056_G09,0.0,0.0,0.0,0.091211339,524.957627,96WP1056,G09,yp49,MIA-HA-77,3.0,CroG8H AniCPR,YPD + 1 mM tryptamine + 0.2 mM geraniol,0.310359476488281
79,210519_TMET517_118.xms,96WP1056_G10,0.0,0.0,0.0,0.0,715.1072525,96WP1056,G10,yp49,MIA-HA-78,1.0,CroG8H CacCPR,YPD + 1 mM tryptamine + 0.2 mM geraniol,0.0
80,210519_TMET517_119.xms,96WP1056_G11,0.0,0.0,0.0,15.2495731,754.6718013,96WP1056,G11,yp49,MIA-HA-78,2.0,CroG8H CacCPR,YPD + 1 mM tryptamine + 0.2 mM geraniol,51.88882847104978
81,210519_TMET517_120.xms,96WP1056_G12,0.0,0.0,0.0,0.715858416,681.6958245,96WP1056,G12,yp49,MIA-HA-78,3.0,CroG8H CacCPR,YPD + 1 mM tryptamine + 0.2 mM geraniol,2.435809469143854
82,210519_TMET517_122.xms,96WP1056_H01,0.0,0.0,0.0,0.128271482,706.5267195,96WP1056,H01,yp49,MIA-HA-79,1.0,CroG8H OeuCPR,YPD + 1 mM tryptamine + 0.2 mM geraniol,0.436461852641983
83,210519_TMET517_123.xms,96WP1056_H02,0.0,0.0,0.0,0.157835912,723.1383535,96WP1056,H02,yp49,MIA-HA-79,2.0,CroG8H OeuCPR,YPD + 1 mM tryptamine + 0.2 mM geraniol,0.5370590055625692
84,210519_TMET517_124.xms,96WP1056_H03,0.0,0.0,0.0,0.219793807,642.9035576,96WP1056,H03,yp49,MIA-HA-79,3.0,CroG8H OeuCPR,YPD + 1 mM tryptamine + 0.2 mM geraniol,0.7478795029627432
85,210519_TMET517_125.xms,96WP1056_H04,0.0,0.0,0.0,0.116372957,890.6367058,96WP1056,H04,yp49,MIA-HA-80,1.0,CroG8H CpoCPR,YPD + 1 mM tryptamine + 0.2 mM geraniol,0.39597543910536426
86,210519_TMET517_126.xms,96WP1056_H05,0.0,0.0,0.0,0.0,676.327275,96WP1056,H05,yp49,MIA-HA-80,2.0,CroG8H CpoCPR,YPD + 1 mM tryptamine + 0.2 mM geraniol,0.0
87,210519_TMET517_127.xms,96WP1056_H06,0.0,0.0,0.0,0.09047628,637.7231307,96WP1056,H06,yp49,MIA-HA-80,3.0,CroG8H CpoCPR,YPD + 1 mM tryptamine + 0.2 mM geraniol,0.30785833431748144
88,210519_TMET517_128.xms,96WP1056_H07,0.0,5.98569855,0.0,31.93773677,923.984696,96WP1056,H07,yp49,MIA-CH-A2,1.0,CroG8H CroCPR,YPD + 1 mM tryptamine + 0.2 mM geraniol,108.67266474574748
89,210519_TMET517_129.xms,96WP1056_H08,0.0,5.871532865,0.0,34.73222195,785.5461428,96WP1056,H08,yp49,MIA-CH-A2,2.0,CroG8H CroCPR,YPD + 1 mM tryptamine + 0.2 mM geraniol,118.1812956575145
90,210519_TMET517_130.xms,96WP1056_H09,0.0,2.17055177,0.0,23.99680721,604.3126763,96WP1056,H09,yp49,MIA-CH-A2,3.0,CroG8H CroCPR,YPD + 1 mM tryptamine + 0.2 mM geraniol,81.65252922211576
91,210519_TMET517_131.xms,96WP1056_H10,0.0,4.437494236,0.0,26.88896658,706.4082761,96WP1056,H10,yp49,MIA-CH-A2,4.0,CroG8H CroCPR,YPD + 1 mM tryptamine + 0.2 mM geraniol,91.49351037462222
92,210519_TMET517_132.xms,96WP1056_H11,0.0,13.8402992,0.0,41.66025595,623.4834353,96WP1056,H11,yp49,MIA-CM-3,1.0,CroG8H CroCPR,YPD + 1 mM tryptamine + 0.2 mM geraniol,141.75491083416495
93,210519_TMET517_133.xms,96WP1056_H12,0.0,0.0,0.0,0.0,910.5112283,96WP1056,H12,yp49,,1.0,,YPD + 1 mM tryptamine + 0.2 mM geraniol,0.0
94,210603_TMET525_018.xms,96WPYP50_A1,0.0,0.0,0.0,0.103066513,1082.758276,96WPYP50,A01,yp50,MIA-HA-21,1.0,VminG8H CroCPR,YPD + 1 mM tryptamine + 0.2 mM geraniol,0.2963828653999086
95,210603_TMET525_019.xms,96WPYP50_A2,0.0,0.0,0.0,3.229914997,1573.648146,96WPYP50,A02,yp50,MIA-HA-21,2.0,VminG8H CroCPR,YPD + 1 mM tryptamine + 0.2 mM geraniol,9.28809400788593
96,210603_TMET525_020.xms,96WPYP50_A3,0.0,0.0,0.0,0.374048665,1939.702053,96WPYP50,A03,yp50,MIA-HA-21,3.0,VminG8H CroCPR,YPD + 1 mM tryptamine + 0.2 mM geraniol,1.0756317634585204
97,210603_TMET525_021.xms,96WPYP50_A4,0.0,0.0,0.0,0.0,1208.291917,96WPYP50,A04,yp50,MIA-HA-22,1.0,VminG8H AanCPR,YPD + 1 mM tryptamine + 0.2 mM geraniol,0.0
98,210603_TMET525_022.xms,96WPYP50_A5,0.0,0.0,0.0,0.634958629,1076.92099,96WPYP50,A05,yp50,MIA-HA-22,2.0,VminG8H AanCPR,YPD + 1 mM tryptamine + 0.2 mM geraniol,1.8259166085634186
99,210603_TMET525_023.xms,96WPYP50_A6,0.0,0.0,0.0,0.57830258,1563.568356,96WPYP50,A06,yp50,MIA-HA-22,3.0,VminG8H AanCPR,YPD + 1 mM tryptamine + 0.2 mM geraniol,1.6629938351417777
100,210603_TMET525_024.xms,96WPYP50_A7,0.0,0.0,0.0,3.171907571,1693.097385,96WPYP50,A07,yp50,MIA-HA-23,1.0,VminG8H AraCPR,YPD + 1 mM tryptamine + 0.2 mM geraniol,9.121285151818848
101,210603_TMET525_025.xms,96WPYP50_A8,0.0,2.633948973,0.0,28.68411897,1294.475665,96WPYP50,A08,yp50,MIA-HA-23,2.0,VminG8H AraCPR,YPD + 1 mM tryptamine + 0.2 mM geraniol,82.48538855486917
102,210603_TMET525_028.xms,96WPYP50_A11,0.0,0.0,0.0,0.0,2064.384715,96WPYP50,A11,yp50,MIA-HA-24,2.0,VminG8H CloCPR,YPD + 1 mM tryptamine + 0.2 mM geraniol,0.0
103,210603_TMET525_029.xms,96WPYP50_A12,0.0,0.0,0.0,1.115554969,987.0032206,96WPYP50,A12,yp50,MIA-HA-24,3.0,VminG8H CloCPR,YPD + 1 mM tryptamine + 0.2 mM geraniol,3.207941829014107
104,210603_TMET525_031.xms,96WPYP50_B1,0.0,0.0,0.0,0.0,2159.558925,96WPYP50,B01,yp50,MIA-HA-25,1.0,VminG8H RseCPR,YPD + 1 mM tryptamine + 0.2 mM geraniol,0.0
105,210603_TMET525_032.xms,96WPYP50_B2,0.0,0.0,0.0,6.230322106,1842.539358,96WPYP50,B02,yp50,MIA-HA-25,2.0,VminG8H RseCPR,YPD + 1 mM tryptamine + 0.2 mM geraniol,17.916204443053907
106,210603_TMET525_034.xms,96WPYP50_B4,0.0,0.0,0.0,0.0,1108.870809,96WPYP50,B04,yp50,MIA-HA-26,1.0,VminG8H AhuCPR,YPD + 1 mM tryptamine + 0.2 mM geraniol,0.0
107,210603_TMET525_036.xms,96WPYP50_B6,0.0,0.0,0.0,0.0,1728.399819,96WPYP50,B06,yp50,MIA-HA-26,3.0,VminG8H AhuCPR,YPD + 1 mM tryptamine + 0.2 mM geraniol,0.0
108,210603_TMET525_037.xms,96WPYP50_B7,0.0,0.0,0.0,0.0,1180.834359,96WPYP50,B07,yp50,MIA-HA-27,1.0,VminG8H AniCPR,YPD + 1 mM tryptamine + 0.2 mM geraniol,0.0
109,210603_TMET525_038.xms,96WPYP50_B8,0.0,0.0,0.0,0.0,1305.104406,96WPYP50,B08,yp50,MIA-HA-27,2.0,VminG8H AniCPR,YPD + 1 mM tryptamine + 0.2 mM geraniol,0.0
110,210603_TMET525_040.xms,96WPYP50_B10,0.0,0.0,0.0,1.188093937,1994.055243,96WPYP50,B10,yp50,MIA-HA-28,1.0,VminG8H CacCPR,YPD + 1 mM tryptamine + 0.2 mM geraniol,3.416538264104448
111,210603_TMET525_041.xms,96WPYP50_B11,0.0,0.0,0.0,2.036817008,1178.490707,96WPYP50,B11,yp50,MIA-HA-28,2.0,VminG8H CacCPR,YPD + 1 mM tryptamine + 0.2 mM geraniol,5.857165858772272
112,210603_TMET525_042.xms,96WPYP50_B12,0.0,0.0,0.0,0.0,1233.277094,96WPYP50,B12,yp50,MIA-HA-28,3.0,VminG8H CacCPR,YPD + 1 mM tryptamine + 0.2 mM geraniol,0.0
113,210603_TMET525_044.xms,96WPYP50_C1,0.0,0.0,0.0,0.21651243,899.8726376,96WPYP50,C01,yp50,MIA-HA-29,1.0,VminG8H OeuCPR,YPD + 1 mM tryptamine + 0.2 mM geraniol,0.6226132283925928
114,210603_TMET525_046.xms,96WPYP50_C3,0.0,2.277114606,0.0,19.84016624,904.2719573,96WPYP50,C03,yp50,MIA-HA-29,3.0,VminG8H OeuCPR,YPD + 1 mM tryptamine + 0.2 mM geraniol,57.053306152132365
115,210603_TMET525_049.xms,96WPYP50_C6,0.0,0.0,0.0,0.248907778,1725.056366,96WPYP50,C06,yp50,MIA-HA-30,3.0,VminG8H CpoCPR,YPD + 1 mM tryptamine + 0.2 mM geraniol,0.7157708000072179
116,210603_TMET525_050.xms,96WPYP50_C7,0.0,0.0,0.0,7.831343649,867.6266446,96WPYP50,C07,yp50,MIA-HA-31,1.0,SmusG8H CroCPR,YPD + 1 mM tryptamine + 0.2 mM geraniol,22.520176564254154
117,210603_TMET525_051.xms,96WPYP50_C8,0.0,0.0,0.0,11.92257384,1546.676152,96WPYP50,C08,yp50,MIA-HA-31,2.0,SmusG8H CroCPR,YPD + 1 mM tryptamine + 0.2 mM geraniol,34.28510866222079
118,210603_TMET525_053.xms,96WPYP50_C10,0.0,0.0,0.0,1.226744822,1299.060667,96WPYP50,C10,yp50,MIA-HA-32,1.0,SmusG8H AanCPR,YPD + 1 mM tryptamine + 0.2 mM geraniol,3.5276845492857687
119,210603_TMET525_054.xms,96WPYP50_C11,0.0,0.0,0.0,0.173637786,888.4911185,96WPYP50,C11,yp50,MIA-HA-32,2.0,SmusG8H AanCPR,YPD + 1 mM tryptamine + 0.2 mM geraniol,0.49932090509723687
120,210603_TMET525_055.xms,96WPYP50_C12,0.0,0.0,0.0,4.084635392,925.4692797,96WPYP50,C12,yp50,MIA-HA-32,3.0,SmusG8H AanCPR,YPD + 1 mM tryptamine + 0.2 mM geraniol,11.745967786790642
121,210603_TMET525_057.xms,96WPYP50_D1,0.0,0.0,0.0,4.683755207,1473.266739,96WPYP50,D01,yp50,MIA-HA-33,1.0,SmusG8H AraCPR,YPD + 1 mM tryptamine + 0.2 mM geraniol,13.468824632520576
122,210603_TMET525_058.xms,96WPYP50_D2,0.0,0.0,0.0,6.165759466,1758.5958,96WPYP50,D02,yp50,MIA-HA-33,2.0,SmusG8H AraCPR,YPD + 1 mM tryptamine + 0.2 mM geraniol,17.730545108280616
123,210603_TMET525_059.xms,96WPYP50_D3,0.0,26.23584712,0.0,85.21014946,2021.748028,96WPYP50,D03,yp50,MIA-HA-33,3.0,SmusG8H AraCPR,YPD + 1 mM tryptamine + 0.2 mM geraniol,245.03427469317094
124,210603_TMET525_060.xms,96WPYP50_D4,0.0,0.0,0.0,11.10799518,1239.812058,96WPYP50,D04,yp50,MIA-HA-34,1.0,SmusG8H CloCPR,YPD + 1 mM tryptamine + 0.2 mM geraniol,31.942668326197992
125,210603_TMET525_061.xms,96WPYP50_D5,0.0,9.941620985,0.0,28.85710651,927.3319498,96WPYP50,D05,yp50,MIA-HA-34,2.0,SmusG8H CloCPR,YPD + 1 mM tryptamine + 0.2 mM geraniol,82.98283958228176
126,210603_TMET525_063.xms,96WPYP50_D7,0.0,6.84239459,0.0,43.08937181,925.3659031,96WPYP50,D07,yp50,MIA-HA-35,1.0,SmusG8H RseCPR,YPD + 1 mM tryptamine + 0.2 mM geraniol,123.9098045873527
127,210603_TMET525_064.xms,96WPYP50_D8,0.0,0.0,0.0,10.67889628,949.5580327,96WPYP50,D08,yp50,MIA-HA-35,2.0,SmusG8H RseCPR,YPD + 1 mM tryptamine + 0.2 mM geraniol,30.708731542851602
128,210603_TMET525_065.xms,96WPYP50_D9,0.0,0.0,0.0,0.348855005,872.2018974,96WPYP50,D09,yp50,MIA-HA-35,3.0,SmusG8H RseCPR,YPD + 1 mM tryptamine + 0.2 mM geraniol,1.0031837012958753
129,210603_TMET525_066.xms,96WPYP50_D10,0.0,0.0,0.0,0.0,1700.038422,96WPYP50,D10,yp50,MIA-HA-36,1.0,SmusG8H AhuCPR,YPD + 1 mM tryptamine + 0.2 mM geraniol,0.0
130,210603_TMET525_067.xms,96WPYP50_D11,0.0,0.0,0.0,0.0,1129.826177,96WPYP50,D11,yp50,MIA-HA-36,2.0,SmusG8H AhuCPR,YPD + 1 mM tryptamine + 0.2 mM geraniol,0.0
131,210603_TMET525_068.xms,96WPYP50_D12,0.0,0.0,0.0,0.0,1579.821396,96WPYP50,D12,yp50,MIA-HA-36,3.0,SmusG8H AhuCPR,YPD + 1 mM tryptamine + 0.2 mM geraniol,0.0
132,210603_TMET525_083.xms,96WPYP50_E1,0.0,0.0,0.0,0.0,1322.633529,96WPYP50,E01,yp50,MIA-HA-37,1.0,SmusG8H AniCPR,YPD + 1 mM tryptamine + 0.2 mM geraniol,0.0
133,210603_TMET525_084.xms,96WPYP50_E2,0.0,0.0,0.0,0.0,1909.716721,96WPYP50,E02,yp50,MIA-HA-37,2.0,SmusG8H AniCPR,YPD + 1 mM tryptamine + 0.2 mM geraniol,0.0
134,210603_TMET525_085.xms,96WPYP50_E3,0.0,0.0,0.0,0.0,1938.499214,96WPYP50,E03,yp50,MIA-HA-37,3.0,SmusG8H AniCPR,YPD + 1 mM tryptamine + 0.2 mM geraniol,0.0
135,210603_TMET525_086.xms,96WPYP50_E4,0.0,0.0,0.0,0.0,1090.798003,96WPYP50,E04,yp50,MIA-HA-38,1.0,SmusG8H CacCPR,YPD + 1 mM tryptamine + 0.2 mM geraniol,0.0
136,210603_TMET525_087.xms,96WPYP50_E5,0.0,8.009680311,0.0,50.19422696,1731.472157,96WPYP50,E05,yp50,MIA-HA-38,2.0,SmusG8H CacCPR,YPD + 1 mM tryptamine + 0.2 mM geraniol,144.34085698560642
137,210603_TMET525_088.xms,96WPYP50_E6,0.0,4.393836774,0.0,22.41555308,972.2468543,96WPYP50,E06,yp50,MIA-HA-38,3.0,SmusG8H CacCPR,YPD + 1 mM tryptamine + 0.2 mM geraniol,64.45920850523143
138,210603_TMET525_089.xms,96WPYP50_E7,0.0,6.63255802,0.0,26.30122887,1840.694046,96WPYP50,E07,yp50,MIA-HA-39,1.0,SmusG8H OeuCPR,YPD + 1 mM tryptamine + 0.2 mM geraniol,75.63303879339936
139,210603_TMET525_090.xms,96WPYP50_E8,0.0,4.43888775,0.0,25.19065345,1054.470029,96WPYP50,E08,yp50,MIA-HA-39,2.0,SmusG8H OeuCPR,YPD + 1 mM tryptamine + 0.2 mM geraniol,72.43941638742638
140,210603_TMET525_091.xms,96WPYP50_E9,0.0,0.0,0.0,0.0,939.9985208,96WPYP50,E09,yp50,MIA-HA-39,3.0,SmusG8H OeuCPR,YPD + 1 mM tryptamine + 0.2 mM geraniol,0.0
141,210603_TMET525_092.xms,96WPYP50_E10,0.0,0.0,0.0,0.160576361,1170.797478,96WPYP50,E10,yp50,MIA-HA-40,1.0,SmusG8H CpoCPR,YPD + 1 mM tryptamine + 0.2 mM geraniol,0.4617608629940758
142,210603_TMET525_093.xms,96WPYP50_E11,0.0,0.0,0.0,2.54358897,1523.937105,96WPYP50,E11,yp50,MIA-HA-40,2.0,SmusG8H CpoCPR,YPD + 1 mM tryptamine + 0.2 mM geraniol,7.3144629170504905
143,210603_TMET525_094.xms,96WPYP50_E12,0.0,0.0,0.0,0.0,1742.491768,96WPYP50,E12,yp50,MIA-HA-40,3.0,SmusG8H CpoCPR,YPD + 1 mM tryptamine + 0.2 mM geraniol,0.0
144,210603_TMET525_096.xms,96WPYP50_F1,0.0,0.0,0.0,0.324040183,1073.700811,96WPYP50,F01,yp50,MIA-HA-41,1.0,RsepG8H CroCPR,YPD + 1 mM tryptamine + 0.2 mM geraniol,0.9318250433314917
145,210603_TMET525_097.xms,96WPYP50_F2,0.0,0.0,0.0,0.0,824.5855324,96WPYP50,F02,yp50,MIA-HA-41,2.0,RsepG8H CroCPR,YPD + 1 mM tryptamine + 0.2 mM geraniol,0.0
146,210603_TMET525_098.xms,96WPYP50_F3,0.0,0.0,0.0,0.0,1074.242841,96WPYP50,F03,yp50,MIA-HA-41,3.0,RsepG8H CroCPR,YPD + 1 mM tryptamine + 0.2 mM geraniol,0.0
147,210603_TMET525_099.xms,96WPYP50_F4,0.0,0.0,0.0,3.047825923,962.4212021,96WPYP50,F04,yp50,MIA-HA-42,1.0,RsepG8H AanCPR,YPD + 1 mM tryptamine + 0.2 mM geraniol,8.764470185373025
148,210603_TMET525_100.xms,96WPYP50_F5,0.0,0.0,0.0,4.656776674,868.4137436,96WPYP50,F05,yp50,MIA-HA-42,2.0,RsepG8H AanCPR,YPD + 1 mM tryptamine + 0.2 mM geraniol,13.391243906423576
149,210603_TMET525_101.xms,96WPYP50_F6,0.0,0.0,0.0,0.0,1417.717145,96WPYP50,F06,yp50,MIA-HA-42,3.0,RsepG8H AanCPR,YPD + 1 mM tryptamine + 0.2 mM geraniol,0.0
150,210603_TMET525_102.xms,96WPYP50_F7,0.0,0.0,0.0,1.547986128,1310.344177,96WPYP50,F07,yp50,MIA-HA-43,1.0,RsepG8H AraCPR,YPD + 1 mM tryptamine + 0.2 mM geraniol,4.451461011550373
151,210603_TMET525_103.xms,96WPYP50_F8,0.0,0.0,0.0,0.0,1380.345188,96WPYP50,F08,yp50,MIA-HA-43,2.0,RsepG8H AraCPR,YPD + 1 mM tryptamine + 0.2 mM geraniol,0.0
152,210603_TMET525_104.xms,96WPYP50_F9,0.0,0.0,0.0,9.083431027,1103.744951,96WPYP50,F09,yp50,MIA-HA-43,3.0,RsepG8H AraCPR,YPD + 1 mM tryptamine + 0.2 mM geraniol,26.120737347975425
153,210603_TMET525_105.xms,96WPYP50_F10,0.0,4.212129207,0.0,34.93819477,983.4168456,96WPYP50,F10,yp50,MIA-HA-44,1.0,RsepG8H CloCPR,YPD + 1 mM tryptamine + 0.2 mM geraniol,100.46990022678561
154,210603_TMET525_106.xms,96WPYP50_F11,0.0,0.0,0.0,0.0,1319.064998,96WPYP50,F11,yp50,MIA-HA-44,2.0,RsepG8H CloCPR,YPD + 1 mM tryptamine + 0.2 mM geraniol,0.0
155,210603_TMET525_107.xms,96WPYP50_F12,0.0,0.0,0.0,0.0,1683.887779,96WPYP50,F12,yp50,MIA-HA-44,3.0,RsepG8H CloCPR,YPD + 1 mM tryptamine + 0.2 mM geraniol,0.0
156,210603_TMET525_109.xms,96WPYP50_G1,0.0,2.708525027,0.0,26.48686695,1881.510579,96WPYP50,G01,yp50,MIA-HA-45,1.0,RsepG8H RseCPR,YPD + 1 mM tryptamine + 0.2 mM geraniol,76.16686830287097
157,210603_TMET525_110.xms,96WPYP50_G2,0.0,0.0,0.0,0.0,1160.021864,96WPYP50,G02,yp50,MIA-HA-45,2.0,RsepG8H RseCPR,YPD + 1 mM tryptamine + 0.2 mM geraniol,0.0
158,210603_TMET525_111.xms,96WPYP50_G3,0.0,8.632278805,0.0,54.36248186,1476.111166,96WPYP50,G03,yp50,MIA-HA-45,3.0,RsepG8H RseCPR,YPD + 1 mM tryptamine + 0.2 mM geraniol,156.3272849244192
159,210603_TMET525_112.xms,96WPYP50_G4,0.0,0.0,0.0,1.070810638,1394.199969,96WPYP50,G04,yp50,MIA-HA-46,1.0,RsepG8H AhuCPR,YPD + 1 mM tryptamine + 0.2 mM geraniol,3.079272946695541
160,210603_TMET525_113.xms,96WPYP50_G5,0.0,0.0,0.0,0.146244605,859.1142242,96WPYP50,G05,yp50,MIA-HA-46,2.0,RsepG8H AhuCPR,YPD + 1 mM tryptamine + 0.2 mM geraniol,0.42054779789802144
161,210603_TMET525_114.xms,96WPYP50_G6,0.0,0.0,0.0,0.0,851.7897266,96WPYP50,G06,yp50,MIA-HA-46,3.0,RsepG8H AhuCPR,YPD + 1 mM tryptamine + 0.2 mM geraniol,0.0
162,210603_TMET525_115.xms,96WPYP50_G7,0.0,0.0,0.0,0.0,831.4886344,96WPYP50,G07,yp50,MIA-HA-47,1.0,RsepG8H AniCPR,YPD + 1 mM tryptamine + 0.2 mM geraniol,0.0
163,210603_TMET525_116.xms,96WPYP50_G8,0.0,0.0,0.0,0.47649509,971.0119273,96WPYP50,G08,yp50,MIA-HA-47,2.0,RsepG8H AniCPR,YPD + 1 mM tryptamine + 0.2 mM geraniol,1.37023147492326
164,210603_TMET525_117.xms,96WPYP50_G9,0.0,0.0,0.0,0.374555667,894.9721508,96WPYP50,G09,yp50,MIA-HA-47,3.0,RsepG8H AniCPR,YPD + 1 mM tryptamine + 0.2 mM geraniol,1.077089722024786
165,210603_TMET525_118.xms,96WPYP50_G10,0.0,2.917454788,0.0,19.21148765,916.207109,96WPYP50,G10,yp50,MIA-HA-48,1.0,RsepG8H CacCPR,YPD + 1 mM tryptamine + 0.2 mM geraniol,55.2454487162281
166,210603_TMET525_119.xms,96WPYP50_G11,0.0,0.0,0.0,1.24752813,2163.800169,96WPYP50,G11,yp50,MIA-HA-48,2.0,RsepG8H CacCPR,YPD + 1 mM tryptamine + 0.2 mM geraniol,3.587449997812478
167,210603_TMET525_120.xms,96WPYP50_G12,0.0,0.0,0.0,0.0,1645.151979,96WPYP50,G12,yp50,MIA-HA-48,3.0,RsepG8H CacCPR,YPD + 1 mM tryptamine + 0.2 mM geraniol,0.0
168,210603_TMET525_122.xms,96WPYP50_H1,0.0,0.0,0.0,1.654537573,1135.510061,96WPYP50,H01,yp50,MIA-HA-49,1.0,RsepG8H OeuCPR,YPD + 1 mM tryptamine + 0.2 mM geraniol,4.75786530973014
169,210603_TMET525_123.xms,96WPYP50_H2,0.0,0.0,0.0,0.635382702,896.0457683,96WPYP50,H02,yp50,MIA-HA-49,2.0,RsepG8H OeuCPR,YPD + 1 mM tryptamine + 0.2 mM geraniol,1.8271360926346296
170,210603_TMET525_124.xms,96WPYP50_H3,0.0,0.0,0.0,0.979936672,1183.67245,96WPYP50,H03,yp50,MIA-HA-49,3.0,RsepG8H OeuCPR,YPD + 1 mM tryptamine + 0.2 mM geraniol,2.81795153735152
171,210603_TMET525_125.xms,96WPYP50_H4,0.0,0.0,0.0,0.0,1855.990788,96WPYP50,H04,yp50,MIA-HA-50,1.0,RsepG8H CpoCPR,YPD + 1 mM tryptamine + 0.2 mM geraniol,0.0
172,210603_TMET525_126.xms,96WPYP50_H5,0.0,0.0,0.0,0.432368962,1842.979185,96WPYP50,H05,yp50,MIA-HA-50,2.0,RsepG8H CpoCPR,YPD + 1 mM tryptamine + 0.2 mM geraniol,1.2433403259460638
173,210603_TMET525_127.xms,96WPYP50_H6,0.0,0.0,0.0,0.808004599,1544.592885,96WPYP50,H06,yp50,MIA-HA-50,3.0,RsepG8H CpoCPR,YPD + 1 mM tryptamine + 0.2 mM geraniol,2.3235356600055357
174,210603_TMET525_128.xms,96WPYP50_H7,0.0,0.0,0.0,41.07203197,1067.329397,96WPYP50,H07,yp50,MIA-CH-A2,1.0,CroG8H CroCPR,YPD + 1 mM tryptamine + 0.2 mM geraniol,118.10864818008594
175,210603_TMET525_129.xms,96WPYP50_H8,0.0,0.0,0.0,29.25992046,793.5764137,96WPYP50,H08,yp50,MIA-CH-A2,2.0,CroG8H CroCPR,YPD + 1 mM tryptamine + 0.2 mM geraniol,84.14119013911156
176,210603_TMET525_130.xms,96WPYP50_H9,0.0,3.063192274,0.0,34.5411105,1250.04447,96WPYP50,H09,yp50,MIA-CH-A2,3.0,CroG8H CroCPR,YPD + 1 mM tryptamine + 0.2 mM geraniol,99.32802620464003
177,210603_TMET525_131.xms,96WPYP50_H10,0.0,3.289702341,0.0,34.22608892,1249.009568,96WPYP50,H10,yp50,MIA-CH-A2,4.0,CroG8H CroCPR,YPD + 1 mM tryptamine + 0.2 mM geraniol,98.42213547616251
178,210603_TMET525_132.xms,96WPYP50_H11,0.0,20.40357856,0.0,70.90445559,1204.654344,96WPYP50,H11,yp50,MIA-CM-3,1.0,CroG8H CroCPR,YPD + 1 mM tryptamine + 0.2 mM geraniol,203.89615507206273
179,210603_TMET525_133.xms,96WPYP50_H12,0.0,0.0,0.0,0.0,1072.379871,96WPYP50,H12,yp50,,1.0,,YPD + 1 mM tryptamine + 0.2 mM geraniol,0.0
180,210603_TMET525_149.xms,96WPYP51_A1,0.0,4.37552641,0.0,41.828541,2007.341661,96WPYP51,A01,yp51,MIA-HA-81,1.0,OeuG8H CroCPR,YPD + 1 mM tryptamine + 0.2 mM geraniol,122.21049426971837
181,210603_TMET525_150.xms,96WPYP51_A2,0.0,5.086582304,0.0,46.44331945,1798.561547,96WPYP51,A02,yp51,MIA-HA-81,2.0,OeuG8H CroCPR,YPD + 1 mM tryptamine + 0.2 mM geraniol,135.6934975453943
182,210603_TMET525_153.xms,96WPYP51_A5,0.0,0.0,0.0,1.174344573,1274.656235,96WPYP51,A05,yp51,MIA-HA-82,2.0,OeuG8H AanCPR,YPD + 1 mM tryptamine + 0.2 mM geraniol,3.4310838312359824
183,210603_TMET525_154.xms,96WPYP51_A6,0.0,0.0,0.0,12.43432535,2399.98713,96WPYP51,A06,yp51,MIA-HA-82,3.0,OeuG8H AanCPR,YPD + 1 mM tryptamine + 0.2 mM geraniol,36.329382058389
184,210603_TMET525_155.xms,96WPYP51_A7,0.0,0.0,0.0,1.190719415,1605.325683,96WPYP51,A07,yp51,MIA-HA-83,1.0,OeuG8H AraCPR,YPD + 1 mM tryptamine + 0.2 mM geraniol,3.4789262251269992
185,210603_TMET525_156.xms,96WPYP51_A8,0.0,0.0,0.0,4.605194414,1591.876894,96WPYP51,A08,yp51,MIA-HA-83,2.0,OeuG8H AraCPR,YPD + 1 mM tryptamine + 0.2 mM geraniol,13.455001587148018
186,210603_TMET525_158.xms,96WPYP51_A10,0.0,0.0,0.0,0.0,2106.860879,96WPYP51,A10,yp51,MIA-HA-84,1.0,OeuG8H CloCPR,YPD + 1 mM tryptamine + 0.2 mM geraniol,0.0
187,210603_TMET525_160.xms,96WPYP51_A12,0.0,0.0,0.0,0.0,1804.613775,96WPYP51,A12,yp51,MIA-HA-84,3.0,OeuG8H CloCPR,YPD + 1 mM tryptamine + 0.2 mM geraniol,0.0
188,210603_TMET525_162.xms,96WPYP51_B1,0.0,0.0,0.0,0.748061519,983.2773873,96WPYP51,B01,yp51,MIA-HA-85,1.0,OeuG8H RseCPR,YPD + 1 mM tryptamine + 0.2 mM geraniol,2.1856121632630297
189,210603_TMET525_163.xms,96WPYP51_B2,0.0,0.0,0.0,0.0,1100.537442,96WPYP51,B02,yp51,MIA-HA-85,2.0,OeuG8H RseCPR,YPD + 1 mM tryptamine + 0.2 mM geraniol,0.0
190,210603_TMET525_164.xms,96WPYP51_B3,0.0,0.0,0.0,0.243293062,1016.539271,96WPYP51,B03,yp51,MIA-HA-85,3.0,OeuG8H RseCPR,YPD + 1 mM tryptamine + 0.2 mM geraniol,0.7108296069760893
191,210603_TMET525_165.xms,96WPYP51_B4,0.0,0.0,0.0,0.0,2173.668824,96WPYP51,B04,yp51,MIA-HA-86,1.0,OeuG8H AhuCPR,YPD + 1 mM tryptamine + 0.2 mM geraniol,0.0
192,210603_TMET525_166.xms,96WPYP51_B5,0.0,0.0,0.0,0.0,1089.844046,96WPYP51,B05,yp51,MIA-HA-86,2.0,OeuG8H AhuCPR,YPD + 1 mM tryptamine + 0.2 mM geraniol,0.0
193,210603_TMET525_167.xms,96WPYP51_B6,0.0,0.0,0.0,0.0,968.9137374,96WPYP51,B06,yp51,MIA-HA-86,3.0,OeuG8H AhuCPR,YPD + 1 mM tryptamine + 0.2 mM geraniol,0.0
194,210603_TMET525_169.xms,96WPYP51_B8,0.0,0.0,0.0,0.0,1018.162333,96WPYP51,B08,yp51,MIA-HA-87,2.0,OeuG8H AniCPR,YPD + 1 mM tryptamine + 0.2 mM geraniol,0.0
195,210603_TMET525_172.xms,96WPYP51_B11,0.0,0.0,0.0,2.350935786,2237.832356,96WPYP51,B11,yp51,MIA-HA-88,2.0,OeuG8H CacCPR,YPD + 1 mM tryptamine + 0.2 mM geraniol,6.8687316730322685
196,210603_TMET525_173.xms,96WPYP51_B12,0.0,0.0,0.0,0.0,1268.232062,96WPYP51,B12,yp51,MIA-HA-88,3.0,OeuG8H CacCPR,YPD + 1 mM tryptamine + 0.2 mM geraniol,0.0
197,210603_TMET525_175.xms,96WPYP51_C1,0.0,0.0,0.0,0.4431894,1078.351641,96WPYP51,C01,yp51,MIA-HA-89,1.0,OeuG8H OeuCPR,YPD + 1 mM tryptamine + 0.2 mM geraniol,1.2948669576856606
198,210603_TMET525_176.xms,96WPYP51_C2,0.0,0.0,0.0,0.0,1018.289695,96WPYP51,C02,yp51,MIA-HA-89,2.0,OeuG8H OeuCPR,YPD + 1 mM tryptamine + 0.2 mM geraniol,0.0
199,210603_TMET525_177.xms,96WPYP51_C3,0.0,0.0,0.0,0.439883521,1726.43806,96WPYP51,C03,yp51,MIA-HA-89,3.0,OeuG8H OeuCPR,YPD + 1 mM tryptamine + 0.2 mM geraniol,1.285208167373422
200,210603_TMET525_178.xms,96WPYP51_C4,0.0,0.0,0.0,0.0,2771.931563,96WPYP51,C04,yp51,MIA-HA-90,1.0,OeuG8H CpoCPR,YPD + 1 mM tryptamine + 0.2 mM geraniol,0.0
201,210603_TMET525_179.xms,96WPYP51_C5,0.0,0.0,0.0,0.0,1175.46986,96WPYP51,C05,yp51,MIA-HA-90,2.0,OeuG8H CpoCPR,YPD + 1 mM tryptamine + 0.2 mM geraniol,0.0
202,210603_TMET525_180.xms,96WPYP51_C6,0.0,0.0,0.0,4.794098799,2615.595356,96WPYP51,C06,yp51,MIA-HA-90,3.0,OeuG8H CpoCPR,YPD + 1 mM tryptamine + 0.2 mM geraniol,14.00692373668145
203,210603_TMET525_181.xms,96WPYP51_C7,0.0,0.0,0.0,0.0,1062.858395,96WPYP51,C07,yp51,MIA-HA-91,1.0,CcalG8H CroCPR,YPD + 1 mM tryptamine + 0.2 mM geraniol,0.0
204,210603_TMET525_182.xms,96WPYP51_C8,0.0,0.0,0.0,0.0,1217.775172,96WPYP51,C08,yp51,MIA-HA-91,2.0,CcalG8H CroCPR,YPD + 1 mM tryptamine + 0.2 mM geraniol,0.0
205,210603_TMET525_184.xms,96WPYP51_C10,0.0,0.0,0.0,0.0,2157.667776,96WPYP51,C10,yp51,MIA-HA-92,1.0,CcalG8H AanCPR,YPD + 1 mM tryptamine + 0.2 mM geraniol,0.0
206,210603_TMET525_185.xms,96WPYP51_C11,0.0,0.0,0.0,0.0,1604.158931,96WPYP51,C11,yp51,MIA-HA-92,2.0,CcalG8H AanCPR,YPD + 1 mM tryptamine + 0.2 mM geraniol,0.0
207,210603_TMET525_186.xms,96WPYP51_C12,0.0,0.0,0.0,0.0,1130.602453,96WPYP51,C12,yp51,MIA-HA-92,3.0,CcalG8H AanCPR,YPD + 1 mM tryptamine + 0.2 mM geraniol,0.0
208,210603_TMET525_188.xms,96WPYP51_D1,0.0,0.0,0.0,0.0,2263.9956,96WPYP51,D01,yp51,MIA-HA-93,1.0,CcalG8H AraCPR,YPD + 1 mM tryptamine + 0.2 mM geraniol,0.0
209,210603_TMET525_189.xms,96WPYP51_D2,0.0,0.0,0.0,0.0,1004.379815,96WPYP51,D02,yp51,MIA-HA-93,2.0,CcalG8H AraCPR,YPD + 1 mM tryptamine + 0.2 mM geraniol,0.0
210,210603_TMET525_191.xms,96WPYP51_D4,0.0,0.0,0.0,0.121731346,1120.548702,96WPYP51,D04,yp51,MIA-HA-94,1.0,CcalG8H CloCPR,YPD + 1 mM tryptamine + 0.2 mM geraniol,0.3556626075668789
211,210603_TMET525_192.xms,96WPYP51_D5,0.0,0.0,0.0,0.0,2132.578642,96WPYP51,D05,yp51,MIA-HA-94,2.0,CcalG8H CloCPR,YPD + 1 mM tryptamine + 0.2 mM geraniol,0.0
212,210603_TMET525_193.xms,96WPYP51_D6,0.0,0.0,0.0,0.880562414,1112.254924,96WPYP51,D06,yp51,MIA-HA-94,3.0,CcalG8H CloCPR,YPD + 1 mM tryptamine + 0.2 mM geraniol,2.5727401739945073
213,210603_TMET525_194.xms,96WPYP51_D7,0.0,0.0,0.0,0.0,2273.398103,96WPYP51,D07,yp51,MIA-HA-95,1.0,CcalG8H RseCPR,YPD + 1 mM tryptamine + 0.2 mM geraniol,0.0
214,210603_TMET525_195.xms,96WPYP51_D8,0.0,0.0,0.0,0.0,1081.669636,96WPYP51,D08,yp51,MIA-HA-95,2.0,CcalG8H RseCPR,YPD + 1 mM tryptamine + 0.2 mM geraniol,0.0
215,210603_TMET525_196.xms,96WPYP51_D9,0.0,0.0,0.0,0.0,1174.80925,96WPYP51,D09,yp51,MIA-HA-95,3.0,CcalG8H RseCPR,YPD + 1 mM tryptamine + 0.2 mM geraniol,0.0
216,210603_TMET525_197.xms,96WPYP51_D10,0.0,0.0,0.0,0.0,2235.718855,96WPYP51,D10,yp51,MIA-HA-96,1.0,CcalG8H AhuCPR,YPD + 1 mM tryptamine + 0.2 mM geraniol,0.0
217,210603_TMET525_198.xms,96WPYP51_D11,0.0,0.0,0.0,0.0,1133.414992,96WPYP51,D11,yp51,MIA-HA-96,2.0,CcalG8H AhuCPR,YPD + 1 mM tryptamine + 0.2 mM geraniol,0.0
218,210603_TMET525_199.xms,96WPYP51_D12,0.0,0.0,0.0,0.202342763,1711.361528,96WPYP51,D12,yp51,MIA-HA-96,3.0,CcalG8H AhuCPR,YPD + 1 mM tryptamine + 0.2 mM geraniol,0.5911850733242282
219,210603_TMET525_214.xms,96WPYP51_E1,0.0,0.0,0.0,0.0,2124.979715,96WPYP51,E01,yp51,MIA-HA-97,1.0,CcalG8H AniCPR,YPD + 1 mM tryptamine + 0.2 mM geraniol,0.0
220,210603_TMET525_215.xms,96WPYP51_E2,0.0,0.0,0.0,0.0,1208.84877,96WPYP51,E02,yp51,MIA-HA-97,2.0,CcalG8H AniCPR,YPD + 1 mM tryptamine + 0.2 mM geraniol,0.0
221,210603_TMET525_216.xms,96WPYP51_E3,0.0,0.0,0.0,0.0,903.0007552,96WPYP51,E03,yp51,MIA-HA-97,3.0,CcalG8H AniCPR,YPD + 1 mM tryptamine + 0.2 mM geraniol,0.0
222,210603_TMET525_218.xms,96WPYP51_E5,0.0,0.0,0.0,0.0,1098.071795,96WPYP51,E05,yp51,MIA-HA-98,2.0,CcalG8H CacCPR,YPD + 1 mM tryptamine + 0.2 mM geraniol,0.0
223,210603_TMET525_219.xms,96WPYP51_E6,0.0,0.0,0.0,0.0,1400.650568,96WPYP51,E06,yp51,MIA-HA-98,3.0,CcalG8H CacCPR,YPD + 1 mM tryptamine + 0.2 mM geraniol,0.0
224,210603_TMET525_220.xms,96WPYP51_E7,0.0,0.0,0.0,2.235944362,2569.233123,96WPYP51,E07,yp51,MIA-HA-99,1.0,CcalG8H OeuCPR,YPD + 1 mM tryptamine + 0.2 mM geraniol,6.5327611029897055
225,210603_TMET525_221.xms,96WPYP51_E8,0.0,0.0,0.0,0.219880506,994.3081201,96WPYP51,E08,yp51,MIA-HA-99,2.0,CcalG8H OeuCPR,YPD + 1 mM tryptamine + 0.2 mM geraniol,0.6424251163466538
226,210603_TMET525_222.xms,96WPYP51_E9,0.0,0.0,0.0,1.390453663,1304.795456,96WPYP51,E09,yp51,MIA-HA-99,3.0,CcalG8H OeuCPR,YPD + 1 mM tryptamine + 0.2 mM geraniol,4.0624899973051996
227,210603_TMET525_223.xms,96WPYP51_E10,0.0,0.0,0.0,1.051891362,1383.418113,96WPYP51,E10,yp51,MIA-HA-100,1.0,CcalG8H CpoCPR,YPD + 1 mM tryptamine + 0.2 mM geraniol,3.073312149904231
228,210603_TMET525_224.xms,96WPYP51_E11,0.0,0.0,0.0,0.0,1567.396099,96WPYP51,E11,yp51,MIA-HA-100,2.0,CcalG8H CpoCPR,YPD + 1 mM tryptamine + 0.2 mM geraniol,0.0
229,210603_TMET525_225.xms,96WPYP51_E12,0.0,0.0,0.0,0.15355561,1103.389383,96WPYP51,E12,yp51,MIA-HA-100,3.0,CcalG8H CpoCPR,YPD + 1 mM tryptamine + 0.2 mM geraniol,0.44864359471653836
230,210603_TMET525_259.xms,96WPYP51_H7,0.0,3.067198627,0.0,34.86550691,1411.407652,96WPYP51,H07,yp51,MIA-CH-A2,1.0,CroG8H CroCPR,YPD + 1 mM tryptamine + 0.2 mM geraniol,101.86658990652772
231,210603_TMET525_260.xms,96WPYP51_H8,0.0,1.834404939,0.0,29.89160714,1123.717095,96WPYP51,H08,yp51,MIA-CH-A2,2.0,CroG8H CroCPR,YPD + 1 mM tryptamine + 0.2 mM geraniol,87.33434147501447
232,210603_TMET525_261.xms,96WPYP51_H9,0.0,1.553599057,0.0,27.49914809,945.5549432,96WPYP51,H09,yp51,MIA-CH-A2,3.0,CroG8H CroCPR,YPD + 1 mM tryptamine + 0.2 mM geraniol,80.34429123585932
233,210603_TMET525_262.xms,96WPYP51_H10,0.0,0.0,0.0,44.65028177,1205.193447,96WPYP51,H10,yp51,MIA-CH-A2,4.0,CroG8H CroCPR,YPD + 1 mM tryptamine + 0.2 mM geraniol,130.45477738259854
234,210603_TMET525_263.xms,96WPYP51_H11,0.0,39.05990061,0.0,140.3712479,2145.690494,96WPYP51,H11,yp51,MIA-CM-3,1.0,CroG8H CroCPR,YPD + 1 mM tryptamine + 0.2 mM geraniol,410.12282946029995
235,210603_TMET525_264.xms,96WPYP51_H12,0.0,0.0,0.0,0.0,2000.610492,96WPYP51,H12,yp51,,1.0,,YPD + 1 mM tryptamine + 0.2 mM geraniol,0.0
236,210608_TMET525_026.xms,96WPYP50_A9,0.0,5.631651212,0.0,46.71010234,1991.122556,96WPYP50,A09,yp50,MIA-HA-23,3.0,VminG8H AraCPR,YPD + 1 mM tryptamine + 0.2 mM geraniol,134.32174594528271
237,210608_TMET525_027.xms,96WPYP50_A10,0.0,0.0,0.0,0.101051699,1389.879441,96WPYP50,A10,yp50,MIA-HA-24,1.0,VminG8H CloCPR,YPD + 1 mM tryptamine + 0.2 mM geraniol,0.29058897241579407
238,210608_TMET525_033.xms,96WPYP50_B3,0.0,0.0,0.0,12.83526396,1716.722906,96WPYP50,B03,yp50,MIA-HA-25,3.0,VminG8H RseCPR,YPD + 1 mM tryptamine + 0.2 mM geraniol,36.90968288244096
239,210608_TMET525_035.xms,96WPYP50_B5,0.0,0.0,0.0,0.0,1482.311528,96WPYP50,B05,yp50,MIA-HA-26,2.0,VminG8H AhuCPR,YPD + 1 mM tryptamine + 0.2 mM geraniol,0.0
240,210608_TMET525_039.xms,96WPYP50_B9,0.0,0.0,0.0,0.0,902.1866434,96WPYP50,B09,yp50,MIA-HA-27,3.0,VminG8H AniCPR,YPD + 1 mM tryptamine + 0.2 mM geraniol,0.0
241,210608_TMET525_045.xms,96WPYP50_C2,0.0,0.0,0.0,0.947957857,877.9359069,96WPYP50,C02,yp50,MIA-HA-29,2.0,VminG8H OeuCPR,YPD + 1 mM tryptamine + 0.2 mM geraniol,2.7259917674329084
242,210608_TMET525_047.xms,96WPYP50_C4,0.0,0.0,0.0,0.0,846.1942953,96WPYP50,C04,yp50,MIA-HA-30,1.0,VminG8H CpoCPR,YPD + 1 mM tryptamine + 0.2 mM geraniol,0.0
243,210608_TMET525_052.xms,96WPYP50_C9,0.0,0.0,0.0,0.0,903.9833916,96WPYP50,C09,yp50,MIA-HA-31,3.0,SmusG8H CroCPR,YPD + 1 mM tryptamine + 0.2 mM geraniol,0.0
244,210608_TMET525_062.xms,96WPYP50_D6,0.0,0.0,0.0,5.940724127,1438.102884,96WPYP50,D06,yp50,MIA-HA-34,3.0,SmusG8H CloCPR,YPD + 1 mM tryptamine + 0.2 mM geraniol,17.083423005788802
245,210608_TMET525_151.xms,96WPYP51_A3,0.0,0.0,0.0,0.0,1010.43009,96WPYP51,A03,yp51,MIA-HA-81,3.0,OeuG8H CroCPR,YPD + 1 mM tryptamine + 0.2 mM geraniol,0.0
246,210608_TMET525_152.xms,96WPYP51_A4,0.0,0.0,0.0,0.686727482,1314.192011,96WPYP51,A04,yp51,MIA-HA-82,1.0,OeuG8H AanCPR,YPD + 1 mM tryptamine + 0.2 mM geraniol,2.006412439865381
247,210608_TMET525_157.xms,96WPYP51_A9,0.0,0.0,0.0,0.066260814,953.8645113,96WPYP51,A09,yp51,MIA-HA-83,3.0,OeuG8H AraCPR,YPD + 1 mM tryptamine + 0.2 mM geraniol,0.19359429318019664
248,210608_TMET525_168.xms,96WPYP51_B7,0.0,0.0,0.0,0.0,1088.967513,96WPYP51,B07,yp51,MIA-HA-87,1.0,OeuG8H AniCPR,YPD + 1 mM tryptamine + 0.2 mM geraniol,0.0
249,210608_TMET525_171.xms,96WPYP51_B10,0.0,0.0,0.0,0.0,924.9532892,96WPYP51,B10,yp51,MIA-HA-88,1.0,OeuG8H CacCPR,YPD + 1 mM tryptamine + 0.2 mM geraniol,0.0
250,210608_TMET525_183.xms,96WPYP51_C9,0.0,0.0,0.0,1.198360254,955.8828299,96WPYP51,C09,yp51,MIA-HA-91,3.0,CcalG8H CroCPR,YPD + 1 mM tryptamine + 0.2 mM geraniol,3.5012504728416243
251,210608_TMET525_190.xms,96WPYP51_D3,0.0,0.0,0.0,0.820545828,1203.266115,96WPYP51,D03,yp51,MIA-HA-93,3.0,CcalG8H AraCPR,YPD + 1 mM tryptamine + 0.2 mM geraniol,2.3973896486333417
252,210608_TMET525_217.xms,96WPYP51_E4,0.0,0.0,0.0,0.053133423,946.1147173,96WPYP51,E04,yp51,MIA-HA-98,1.0,CcalG8H CacCPR,YPD + 1 mM tryptamine + 0.2 mM geraniol,0.15523998044952184
