ID,name,date,box,row,col,size,seq,concentration,volume,features,location,reference,comments,description
10041.0,PR_UP_tADH1_05_3460,08-15-2022,0,A,1,18.0,GAGGATTTTCGATGGAGC,,,[],primer_box_rack,,Stock of primers for G8H-CPR library ,Stock of primers for G8H-CPR library 
10042.0,PR_UP_tADH1_06_3461,08-15-2022,0,A,2,57.0,TAGGTCAGGTTGCTTTCTCAGGTATAGCATGAGGTCGCTCTTGTGGAAGTTCATGGC,,,[],primer_box_rack,,Stock of primers for G8H-CPR library ,Stock of primers for G8H-CPR library 
10043.0,PR_G8H_01_3407,08-15-2022,0,A,3,19.0,GAGCGACCTCATGCTATAC,,,[],primer_box_rack,,Stock of primers for G8H-CPR library ,Stock of primers for G8H-CPR library 
10044.0,PR_G8H_02_3408,08-15-2022,0,A,4,62.0,AGACACACAAACACAAATACACACACTAAATTAATAAAAACAATGGATTACTTGACGATCGC,,,[],primer_box_rack,,Stock of primers for G8H-CPR library ,Stock of primers for G8H-CPR library 
10045.0,PR_G8H_03_3409,08-15-2022,0,A,5,61.0,ACACCAAGCAACTAATACTATAACATACAATAATAAAAACAATGGATTACTTGACGATCGC,,,[],primer_box_rack,,Stock of primers for G8H-CPR library ,Stock of primers for G8H-CPR library 
10046.0,PR_G8H_04_3410,08-15-2022,0,A,6,58.0,CGCAACTAATTATTCCATAATAAAATAACAACAAAACAATGGATTACTTGACGATCGC,,,[],primer_box_rack,,Stock of primers for G8H-CPR library ,Stock of primers for G8H-CPR library 
10047.0,PR_G8H_05_3411,08-15-2022,0,A,7,56.0,GACAGTCACAAATTACCTACCACACAAGCAAAAACAATGGATTACTTGACGATCGC,,,[],primer_box_rack,,Stock of primers for G8H-CPR library ,Stock of primers for G8H-CPR library 
10048.0,PR_G8H_06_3412,08-15-2022,0,A,8,63.0,AGACACACAAACACAAATACACACACTAAATTAATAAAAACAATGGACTTTGACTTCTTGACC,,,[],primer_box_rack,,Stock of primers for G8H-CPR library ,Stock of primers for G8H-CPR library 
10049.0,PR_G8H_07_3413,08-15-2022,0,A,9,62.0,ACACCAAGCAACTAATACTATAACATACAATAATAAAAACAATGGACTTTGACTTCTTGACC,,,[],primer_box_rack,,Stock of primers for G8H-CPR library ,Stock of primers for G8H-CPR library 
10050.0,PR_G8H_08_3414,08-15-2022,0,B,1,59.0,CGCAACTAATTATTCCATAATAAAATAACAACAAAACAATGGACTTTGACTTCTTGACC,,,[],primer_box_rack,,Stock of primers for G8H-CPR library ,Stock of primers for G8H-CPR library 
10051.0,PR_G8H_09_3415,08-15-2022,0,B,2,57.0,GACAGTCACAAATTACCTACCACACAAGCAAAAACAATGGACTTTGACTTCTTGACC,,,[],primer_box_rack,,Stock of primers for G8H-CPR library ,Stock of primers for G8H-CPR library 
10052.0,PR_G8H_10_3416,08-15-2022,0,B,3,64.0,AGACACACAAACACAAATACACACACTAAATTAATAAAAACAATGGATTACTTGACTATCACGC,,,[],primer_box_rack,,Stock of primers for G8H-CPR library ,Stock of primers for G8H-CPR library 
10053.0,PR_G8H_11_3417,08-15-2022,0,B,4,63.0,ACACCAAGCAACTAATACTATAACATACAATAATAAAAACAATGGATTACTTGACTATCACGC,,,[],primer_box_rack,,Stock of primers for G8H-CPR library ,Stock of primers for G8H-CPR library 
10054.0,PR_G8H_12_3418,08-15-2022,0,B,5,60.0,CGCAACTAATTATTCCATAATAAAATAACAACAAAACAATGGATTACTTGACTATCACGC,,,[],primer_box_rack,,Stock of primers for G8H-CPR library ,Stock of primers for G8H-CPR library 
10055.0,PR_G8H_13_3419,08-15-2022,0,B,6,58.0,GACAGTCACAAATTACCTACCACACAAGCAAAAACAATGGATTACTTGACTATCACGC,,,[],primer_box_rack,,Stock of primers for G8H-CPR library ,Stock of primers for G8H-CPR library 
10056.0,PR_G8H_14_3420,08-15-2022,0,B,7,66.0,AGACACACAAACACAAATACACACACTAAATTAATAAAAACAATGGACATAATGGACTTTATGTCC,,,[],primer_box_rack,,Stock of primers for G8H-CPR library ,Stock of primers for G8H-CPR library 
10057.0,PR_G8H_15_3421,08-15-2022,0,B,8,65.0,ACACCAAGCAACTAATACTATAACATACAATAATAAAAACAATGGACATAATGGACTTTATGTCC,,,[],primer_box_rack,,Stock of primers for G8H-CPR library ,Stock of primers for G8H-CPR library 
10058.0,PR_G8H_16_3422,08-15-2022,0,B,9,62.0,CGCAACTAATTATTCCATAATAAAATAACAACAAAACAATGGACATAATGGACTTTATGTCC,,,[],primer_box_rack,,Stock of primers for G8H-CPR library ,Stock of primers for G8H-CPR library 
10059.0,PR_G8H_17_3423,08-15-2022,0,C,1,60.0,GACAGTCACAAATTACCTACCACACAAGCAAAAACAATGGACATAATGGACTTTATGTCC,,,[],primer_box_rack,,Stock of primers for G8H-CPR library ,Stock of primers for G8H-CPR library 
10060.0,PR_G8H_18_3424,08-15-2022,0,C,2,64.0,AGACACACAAACACAAATACACACACTAAATTAATAAAAACAATGCGTATCTTAGATTCAGAAG,,,[],primer_box_rack,,Stock of primers for G8H-CPR library ,Stock of primers for G8H-CPR library 
10061.0,PR_G8H_19_3425,08-15-2022,0,C,3,63.0,ACACCAAGCAACTAATACTATAACATACAATAATAAAAACAATGCGTATCTTAGATTCAGAAG,,,[],primer_box_rack,,Stock of primers for G8H-CPR library ,Stock of primers for G8H-CPR library 
10062.0,PR_G8H_20_3426,08-15-2022,0,C,4,60.0,CGCAACTAATTATTCCATAATAAAATAACAACAAAACAATGCGTATCTTAGATTCAGAAG,,,[],primer_box_rack,,Stock of primers for G8H-CPR library ,Stock of primers for G8H-CPR library 
10063.0,PR_G8H_21_3427,08-15-2022,0,C,5,58.0,GACAGTCACAAATTACCTACCACACAAGCAAAAACAATGCGTATCTTAGATTCAGAAG,,,[],primer_box_rack,,Stock of primers for G8H-CPR library ,Stock of primers for G8H-CPR library 
10064.0,PR_G8H_22_3428,08-15-2022,0,C,6,68.0,AGACACACAAACACAAATACACACACTAAATTAATAAAAACAATGGATTACCTTACAATTATCCTAAC,,,[],primer_box_rack,,Stock of primers for G8H-CPR library ,Stock of primers for G8H-CPR library 
10065.0,PR_G8H_23_3429,08-15-2022,0,C,7,67.0,ACACCAAGCAACTAATACTATAACATACAATAATAAAAACAATGGATTACCTTACAATTATCCTAAC,,,[],primer_box_rack,,Stock of primers for G8H-CPR library ,Stock of primers for G8H-CPR library 
10066.0,PR_G8H_24_3430,08-15-2022,0,C,8,64.0,CGCAACTAATTATTCCATAATAAAATAACAACAAAACAATGGATTACCTTACAATTATCCTAAC,,,[],primer_box_rack,,Stock of primers for G8H-CPR library ,Stock of primers for G8H-CPR library 
10067.0,PR_G8H_25_3431,08-15-2022,0,C,9,62.0,GACAGTCACAAATTACCTACCACACAAGCAAAAACAATGGATTACCTTACAATTATCCTAAC,,,[],primer_box_rack,,Stock of primers for G8H-CPR library ,Stock of primers for G8H-CPR library 
10068.0,PR_G8H_26_3432,08-15-2022,0,D,1,60.0,AGACACACAAACACAAATACACACACTAAATTAATAAAAACAATGTTGGTTGAAGCTGCT,,,[],primer_box_rack,,Stock of primers for G8H-CPR library ,Stock of primers for G8H-CPR library 
10069.0,PR_G8H_27_3433,08-15-2022,0,D,2,59.0,ACACCAAGCAACTAATACTATAACATACAATAATAAAAACAATGTTGGTTGAAGCTGCT,,,[],primer_box_rack,,Stock of primers for G8H-CPR library ,Stock of primers for G8H-CPR library 
10070.0,PR_G8H_28_3434,08-15-2022,0,D,3,56.0,CGCAACTAATTATTCCATAATAAAATAACAACAAAACAATGTTGGTTGAAGCTGCT,,,[],primer_box_rack,,Stock of primers for G8H-CPR library ,Stock of primers for G8H-CPR library 
10071.0,PR_G8H_29_3435,08-15-2022,0,D,4,54.0,GACAGTCACAAATTACCTACCACACAAGCAAAAACAATGTTGGTTGAAGCTGCT,,,[],primer_box_rack,,Stock of primers for G8H-CPR library ,Stock of primers for G8H-CPR library 
10072.0,PR_G8H_30_3436,08-15-2022,0,D,5,67.0,AGACACACAAACACAAATACACACACTAAATTAATAAAAACAATGGACTTCTTAACAATCGTTTTAG,,,[],primer_box_rack,,Stock of primers for G8H-CPR library ,Stock of primers for G8H-CPR library 
10073.0,PR_G8H_31_3437,08-15-2022,0,D,6,66.0,ACACCAAGCAACTAATACTATAACATACAATAATAAAAACAATGGACTTCTTAACAATCGTTTTAG,,,[],primer_box_rack,,Stock of primers for G8H-CPR library ,Stock of primers for G8H-CPR library 
10074.0,PR_G8H_32_3438,08-15-2022,0,D,7,63.0,CGCAACTAATTATTCCATAATAAAATAACAACAAAACAATGGACTTCTTAACAATCGTTTTAG,,,[],primer_box_rack,,Stock of primers for G8H-CPR library ,Stock of primers for G8H-CPR library 
10075.0,PR_G8H_33_3439,08-15-2022,0,D,8,61.0,GACAGTCACAAATTACCTACCACACAAGCAAAAACAATGGACTTCTTAACAATCGTTTTAG,,,[],primer_box_rack,,Stock of primers for G8H-CPR library ,Stock of primers for G8H-CPR library 
10076.0,PR_G8H_34_3440,08-15-2022,0,D,9,67.0,AGACACACAAACACAAATACACACACTAAATTAATAAAAACAATGGATTACTTAACTATTGTCCTGG,,,[],primer_box_rack,,Stock of primers for G8H-CPR library ,Stock of primers for G8H-CPR library 
10077.0,PR_G8H_35_3441,08-15-2022,0,E,1,66.0,ACACCAAGCAACTAATACTATAACATACAATAATAAAAACAATGGATTACTTAACTATTGTCCTGG,,,[],primer_box_rack,,Stock of primers for G8H-CPR library ,Stock of primers for G8H-CPR library 
10078.0,PR_G8H_36_3442,08-15-2022,0,E,2,63.0,CGCAACTAATTATTCCATAATAAAATAACAACAAAACAATGGATTACTTAACTATTGTCCTGG,,,[],primer_box_rack,,Stock of primers for G8H-CPR library ,Stock of primers for G8H-CPR library 
10079.0,PR_G8H_37_3443,08-15-2022,0,E,3,61.0,GACAGTCACAAATTACCTACCACACAAGCAAAAACAATGGATTACTTAACTATTGTCCTGG,,,[],primer_box_rack,,Stock of primers for G8H-CPR library ,Stock of primers for G8H-CPR library 
10080.0,PR_PRO_01_3444,08-15-2022,0,E,4,35.0,TGTTTTTATTAATTTAGTGTGTGTATTTGTGTTTG,,,[],primer_box_rack,,Stock of primers for G8H-CPR library ,Stock of primers for G8H-CPR library 
10081.0,PR_PRO_02_3445,08-15-2022,0,E,5,59.0,AGACAGGTCCATACGCCGAGCATGCCCATTCGATAAGGCACAGCATTTTCAAAGGTGTG,,,[],primer_box_rack,,Stock of primers for G8H-CPR library ,Stock of primers for G8H-CPR library 
10082.0,PR_PRO_11_3454,08-15-2022,0,E,6,38.0,TGTTTTTATTATTGTATGTTATAGTATTAGTTGCTTGG,,,[],primer_box_rack,,Stock of primers for G8H-CPR library ,Stock of primers for G8H-CPR library 
10083.0,PR_PRO_12_3455,08-15-2022,0,E,7,59.0,AGACAGGTCCATACGCCGAGCATGCCCATTCGATAAGGCAAATCCTACTCTTGCCGTTG,,,[],primer_box_rack,,Stock of primers for G8H-CPR library ,Stock of primers for G8H-CPR library 
10084.0,PR_PRO_13_3456,08-15-2022,0,E,8,37.0,TGTTTTGTTGTTATTTTATTATGGAATAATTAGTTGC,,,[],primer_box_rack,,Stock of primers for G8H-CPR library ,Stock of primers for G8H-CPR library 
10085.0,PR_PRO_14_3457,08-15-2022,0,E,9,58.0,AGACAGGTCCATACGCCGAGCATGCCCATTCGATAAGGCACACATGTCGACGAGTTTG,,,[],primer_box_rack,,Stock of primers for G8H-CPR library ,Stock of primers for G8H-CPR library 
10086.0,PR_PRO_15_3458,08-15-2022,0,F,1,24.0,TGTTTTTGCTTGTGTGGTAGGTAA,,,[],primer_box_rack,,Stock of primers for G8H-CPR library ,Stock of primers for G8H-CPR library 
10087.0,PR_PRO_16_3459,08-15-2022,0,F,2,57.0,AGACAGGTCCATACGCCGAGCATGCCCATTCGATAAGGCAGTACTGCTGGCCATTTT,,,[],primer_box_rack,,Stock of primers for G8H-CPR library ,Stock of primers for G8H-CPR library 
10088.0,PR_PRO_03_3446,08-15-2022,0,F,3,60.0,TTATCGAATGGGCATGCTCGGCGTATGGACCTGTCTAAAGAAACTTAATACGTTATGCCG,,,[],primer_box_rack,,Stock of primers for G8H-CPR library ,Stock of primers for G8H-CPR library 
10089.0,PR_PRO_04_3447,08-15-2022,0,F,4,34.0,TGTTTTATATTGATATAGTGTTTAAGCGAATGAC,,,[],primer_box_rack,,Stock of primers for G8H-CPR library ,Stock of primers for G8H-CPR library 
10090.0,PR_PRO_05_3448,08-15-2022,0,F,5,62.0,TTATCGAATGGGCATGCTCGGCGTATGGACCTGTCTTTTAATCTTTAGGGAGGGTAAAGTTG,,,[],primer_box_rack,,Stock of primers for G8H-CPR library ,Stock of primers for G8H-CPR library 
10091.0,PR_PRO_06_3449,08-15-2022,0,F,6,34.0,TGTTTTATTTCTTAATTCTTTTATGTGCTTTTAC,,,[],primer_box_rack,,Stock of primers for G8H-CPR library ,Stock of primers for G8H-CPR library 
10092.0,PR_PRO_07_3450,08-15-2022,0,F,7,57.0,TTATCGAATGGGCATGCTCGGCGTATGGACCTGTCTAAGGATGAGCCAAGAATAAGG,,,[],primer_box_rack,,Stock of primers for G8H-CPR library ,Stock of primers for G8H-CPR library 
10093.0,PR_PRO_08_3451,08-15-2022,0,F,8,35.0,TGTTTTATTTTAGTTTATGTATGTGTTTTTTGTAG,,,[],primer_box_rack,,Stock of primers for G8H-CPR library ,Stock of primers for G8H-CPR library 
10094.0,PR_PRO_09_3452,08-15-2022,0,F,9,54.0,TTATCGAATGGGCATGCTCGGCGTATGGACCTGTCTCAAGCTGAACTCGCTGAA,,,[],primer_box_rack,,Stock of primers for G8H-CPR library ,Stock of primers for G8H-CPR library 
10095.0,PR_PRO_10_3453,08-15-2022,0,G,1,29.0,TGTTTTTTGGTGTAGAACTTAATTTGCAG,,,[],primer_box_rack,,Stock of primers for G8H-CPR library ,Stock of primers for G8H-CPR library 
10096.0,PR_CPR_01_3369,08-15-2022,0,G,2,55.0,GTTTTAAGCTGCAAATTAAGTTCTACACCAAAAAACAATGGACTCATCCTCCGAG,,,[],primer_box_rack,,Stock of primers for G8H-CPR library ,Stock of primers for G8H-CPR library 
10097.0,PR_CPR_12_3380,08-15-2022,0,G,3,54.0,ACTACAAAAAACACATACATAAACTAAAATAAAACAATGGACTCATCCTCCGAG,,,[],primer_box_rack,,Stock of primers for G8H-CPR library ,Stock of primers for G8H-CPR library 
10098.0,PR_CPR_21_3389,08-15-2022,0,G,4,59.0,CAAAGTAGTAAAAGCACATAAAAGAATTAAGAAATAAAACAATGGACTCATCCTCCGAG,,,[],primer_box_rack,,Stock of primers for G8H-CPR library ,Stock of primers for G8H-CPR library 
10099.0,PR_CPR_30_3398,08-15-2022,0,G,5,54.0,CTGTCATTCGCTTAAACACTATATCAATATAAAACAATGGACTCATCCTCCGAG,,,[],primer_box_rack,,Stock of primers for G8H-CPR library ,Stock of primers for G8H-CPR library 
10100.0,PR_CPR_11_3379,08-15-2022,0,G,6,56.0,GTTTTAAGCTGCAAATTAAGTTCTACACCAAAAAACAATGCAATCTACAACCTCCG,,,[],primer_box_rack,,Stock of primers for G8H-CPR library ,Stock of primers for G8H-CPR library 
10101.0,PR_CPR_20_3388,08-15-2022,0,G,7,55.0,ACTACAAAAAACACATACATAAACTAAAATAAAACAATGCAATCTACAACCTCCG,,,[],primer_box_rack,,Stock of primers for G8H-CPR library ,Stock of primers for G8H-CPR library 
10102.0,PR_CPR_29_3397,08-15-2022,0,G,8,60.0,CAAAGTAGTAAAAGCACATAAAAGAATTAAGAAATAAAACAATGCAATCTACAACCTCCG,,,[],primer_box_rack,,Stock of primers for G8H-CPR library ,Stock of primers for G8H-CPR library 
10103.0,PR_CPR_38_3406,08-15-2022,0,G,9,55.0,CTGTCATTCGCTTAAACACTATATCAATATAAAACAATGCAATCTACAACCTCCG,,,[],primer_box_rack,,Stock of primers for G8H-CPR library ,Stock of primers for G8H-CPR library 
10104.0,PR_CPR_04_3372,08-15-2022,0,H,1,57.0,GTTTTAAGCTGCAAATTAAGTTCTACACCAAAAAACAATGACATCAGCTCTTTACGC,,,[],primer_box_rack,,Stock of primers for G8H-CPR library ,Stock of primers for G8H-CPR library 
10105.0,PR_CPR_14_3382,08-15-2022,0,H,2,56.0,ACTACAAAAAACACATACATAAACTAAAATAAAACAATGACATCAGCTCTTTACGC,,,[],primer_box_rack,,Stock of primers for G8H-CPR library ,Stock of primers for G8H-CPR library 
10106.0,PR_CPR_23_3391,08-15-2022,0,H,3,61.0,CAAAGTAGTAAAAGCACATAAAAGAATTAAGAAATAAAACAATGACATCAGCTCTTTACGC,,,[],primer_box_rack,,Stock of primers for G8H-CPR library ,Stock of primers for G8H-CPR library 
10107.0,PR_CPR_32_3400,08-15-2022,0,H,4,56.0,CTGTCATTCGCTTAAACACTATATCAATATAAAACAATGACATCAGCTCTTTACGC,,,[],primer_box_rack,,Stock of primers for G8H-CPR library ,Stock of primers for G8H-CPR library 
10108.0,PR_CPR_03_3371,08-15-2022,0,H,5,63.0,GTTTTAAGCTGCAAATTAAGTTCTACACCAAAAAACAATGGATTCTTCTTCTGAAAAATTGTC,,,[],primer_box_rack,,Stock of primers for G8H-CPR library ,Stock of primers for G8H-CPR library 
10109.0,PR_CPR_13_3381,08-15-2022,0,H,6,62.0,ACTACAAAAAACACATACATAAACTAAAATAAAACAATGGATTCTTCTTCTGAAAAATTGTC,,,[],primer_box_rack,,Stock of primers for G8H-CPR library ,Stock of primers for G8H-CPR library 
10110.0,PR_CPR_22_3390,08-15-2022,0,H,7,67.0,CAAAGTAGTAAAAGCACATAAAAGAATTAAGAAATAAAACAATGGATTCTTCTTCTGAAAAATTGTC,,,[],primer_box_rack,,Stock of primers for G8H-CPR library ,Stock of primers for G8H-CPR library 
10111.0,PR_CPR_31_3399,08-15-2022,0,H,8,62.0,CTGTCATTCGCTTAAACACTATATCAATATAAAACAATGGATTCTTCTTCTGAAAAATTGTC,,,[],primer_box_rack,,Stock of primers for G8H-CPR library ,Stock of primers for G8H-CPR library 
10112.0,PR_CPR_08_3376,08-15-2022,0,H,9,56.0,GTTTTAAGCTGCAAATTAAGTTCTACACCAAAAAACAATGGACTCCTCATCGGAGA,,,[],primer_box_rack,,Stock of primers for G8H-CPR library ,Stock of primers for G8H-CPR library 
10113.0,PR_CPR_17_3385,08-15-2022,0,I,1,55.0,ACTACAAAAAACACATACATAAACTAAAATAAAACAATGGACTCCTCATCGGAGA,,,[],primer_box_rack,,Stock of primers for G8H-CPR library ,Stock of primers for G8H-CPR library 
10114.0,PR_CPR_26_3394,08-15-2022,0,I,2,60.0,CAAAGTAGTAAAAGCACATAAAAGAATTAAGAAATAAAACAATGGACTCCTCATCGGAGA,,,[],primer_box_rack,,Stock of primers for G8H-CPR library ,Stock of primers for G8H-CPR library 
10115.0,PR_CPR_35_3403,08-15-2022,0,I,3,55.0,CTGTCATTCGCTTAAACACTATATCAATATAAAACAATGGACTCCTCATCGGAGA,,,[],primer_box_rack,,Stock of primers for G8H-CPR library ,Stock of primers for G8H-CPR library 
10116.0,PR_CPR_09_3377,08-15-2022,0,I,4,59.0,GTTTTAAGCTGCAAATTAAGTTCTACACCAAAAAACAATGGCTCAATTGGATACTTTGG,,,[],primer_box_rack,,Stock of primers for G8H-CPR library ,Stock of primers for G8H-CPR library 
10117.0,PR_CPR_18_3386,08-15-2022,0,I,5,58.0,ACTACAAAAAACACATACATAAACTAAAATAAAACAATGGCTCAATTGGATACTTTGG,,,[],primer_box_rack,,Stock of primers for G8H-CPR library ,Stock of primers for G8H-CPR library 
10118.0,PR_CPR_27_3395,08-15-2022,0,I,6,63.0,CAAAGTAGTAAAAGCACATAAAAGAATTAAGAAATAAAACAATGGCTCAATTGGATACTTTGG,,,[],primer_box_rack,,Stock of primers for G8H-CPR library ,Stock of primers for G8H-CPR library 
10119.0,PR_CPR_36_3404,08-15-2022,0,I,7,58.0,CTGTCATTCGCTTAAACACTATATCAATATAAAACAATGGCTCAATTGGATACTTTGG,,,[],primer_box_rack,,Stock of primers for G8H-CPR library ,Stock of primers for G8H-CPR library 
10120.0,PR_CPR_10_3378,08-15-2022,0,I,8,59.0,GTTTTAAGCTGCAAATTAAGTTCTACACCAAAAAACAATGCAGTCAAGTAGTGTAAAGG,,,[],primer_box_rack,,Stock of primers for G8H-CPR library ,Stock of primers for G8H-CPR library 
10121.0,PR_CPR_19_3387,08-15-2022,0,I,9,58.0,ACTACAAAAAACACATACATAAACTAAAATAAAACAATGCAGTCAAGTAGTGTAAAGG,,,[],primer_box_rack,,Stock of primers for G8H-CPR library ,Stock of primers for G8H-CPR library 
10122.0,PR_CPR_28_3396,08-15-2022,1,A,1,63.0,CAAAGTAGTAAAAGCACATAAAAGAATTAAGAAATAAAACAATGCAGTCAAGTAGTGTAAAGG,,,[],primer_box_rack,,Stock of primers for G8H-CPR library ,Stock of primers for G8H-CPR library 
10123.0,PR_CPR_37_3405,08-15-2022,1,A,2,58.0,CTGTCATTCGCTTAAACACTATATCAATATAAAACAATGCAGTCAAGTAGTGTAAAGG,,,[],primer_box_rack,,Stock of primers for G8H-CPR library ,Stock of primers for G8H-CPR library 
10124.0,PR_CPR_06_3374,08-15-2022,1,A,3,55.0,GTTTTAAGCTGCAAATTAAGTTCTACACCAAAAAACAATGGACTCCACCTCAGAG,,,[],primer_box_rack,,Stock of primers for G8H-CPR library ,Stock of primers for G8H-CPR library 
10125.0,PR_CPR_15_3383,08-15-2022,1,A,4,54.0,ACTACAAAAAACACATACATAAACTAAAATAAAACAATGGACTCCACCTCAGAG,,,[],primer_box_rack,,Stock of primers for G8H-CPR library ,Stock of primers for G8H-CPR library 
10126.0,PR_CPR_24_3392,08-15-2022,1,A,5,59.0,CAAAGTAGTAAAAGCACATAAAAGAATTAAGAAATAAAACAATGGACTCCACCTCAGAG,,,[],primer_box_rack,,Stock of primers for G8H-CPR library ,Stock of primers for G8H-CPR library 
10127.0,PR_CPR_33_3401,08-15-2022,1,A,6,54.0,CTGTCATTCGCTTAAACACTATATCAATATAAAACAATGGACTCCACCTCAGAG,,,[],primer_box_rack,,Stock of primers for G8H-CPR library ,Stock of primers for G8H-CPR library 
10128.0,PR_CPR_07_3375,08-15-2022,1,A,7,57.0,GTTTTAAGCTGCAAATTAAGTTCTACACCAAAAAACAATGGATGAAACTGAAGCTAC,,,[],primer_box_rack,,Stock of primers for G8H-CPR library ,Stock of primers for G8H-CPR library 
10129.0,PR_CPR_16_3384,08-15-2022,1,A,8,56.0,ACTACAAAAAACACATACATAAACTAAAATAAAACAATGGATGAAACTGAAGCTAC,,,[],primer_box_rack,,Stock of primers for G8H-CPR library ,Stock of primers for G8H-CPR library 
10130.0,PR_CPR_25_3393,08-15-2022,1,A,9,61.0,CAAAGTAGTAAAAGCACATAAAAGAATTAAGAAATAAAACAATGGATGAAACTGAAGCTAC,,,[],primer_box_rack,,Stock of primers for G8H-CPR library ,Stock of primers for G8H-CPR library 
10131.0,PR_CPR_34_3402,08-15-2022,1,B,1,56.0,CTGTCATTCGCTTAAACACTATATCAATATAAAACAATGGATGAAACTGAAGCTAC,,,[],primer_box_rack,,Stock of primers for G8H-CPR library ,Stock of primers for G8H-CPR library 
10132.0,PR_CPR_02_3370,08-15-2022,1,B,2,20.0,TTCTCAAGCAAGGTTTTCAG,,,[],primer_box_rack,,Stock of primers for G8H-CPR library ,Stock of primers for G8H-CPR library 
10133.0,PR_TRP1-DW_01_3468,08-15-2022,1,B,3,61.0,CGCATGTAACATTATACTGAAAACCTTGCTTGAGAAAGACGGTCACAGCTTGTCTGTAAGC,,,[],primer_box_rack,,Stock of primers for G8H-CPR library ,Stock of primers for G8H-CPR library 
10134.0,PR_TRP1-DW_02_3469,08-15-2022,1,B,4,18.0,CGTAGTGGGCCATCGCCC,,,[],primer_box_rack,,Stock of primers for G8H-CPR library ,Stock of primers for G8H-CPR library 
10135.0,PR_TRP1-DW_05_3470,08-15-2022,1,B,5,51.0,GCGAAAAACCGTCTATCAGGGCGATGGCCCACTACGCACACGACTAGCGCT,,,[],primer_box_rack,,Stock of primers for G8H-CPR library ,Stock of primers for G8H-CPR library 
10136.0,PR_TRP1-DW_06_3471,08-15-2022,1,B,6,16.0,GTGGGAAGATTCCGCT,,,[],primer_box_rack,,Stock of primers for G8H-CPR library ,Stock of primers for G8H-CPR library 
,,,1,B,7,,,,,,primer_box_rack,,Stock of primers for G8H-CPR library ,Stock of primers for G8H-CPR library 
,,,1,B,8,,,,,,primer_box_rack,,Stock of primers for G8H-CPR library ,Stock of primers for G8H-CPR library 
,,,1,B,9,,,,,,primer_box_rack,,Stock of primers for G8H-CPR library ,Stock of primers for G8H-CPR library 
,,,1,C,1,,,,,,primer_box_rack,,Stock of primers for G8H-CPR library ,Stock of primers for G8H-CPR library 
,,,1,C,2,,,,,,primer_box_rack,,Stock of primers for G8H-CPR library ,Stock of primers for G8H-CPR library 
,,,1,C,3,,,,,,primer_box_rack,,Stock of primers for G8H-CPR library ,Stock of primers for G8H-CPR library 
,,,1,C,4,,,,,,primer_box_rack,,Stock of primers for G8H-CPR library ,Stock of primers for G8H-CPR library 
,,,1,C,5,,,,,,primer_box_rack,,Stock of primers for G8H-CPR library ,Stock of primers for G8H-CPR library 
,,,1,C,6,,,,,,primer_box_rack,,Stock of primers for G8H-CPR library ,Stock of primers for G8H-CPR library 
,,,1,C,7,,,,,,primer_box_rack,,Stock of primers for G8H-CPR library ,Stock of primers for G8H-CPR library 
,,,1,C,8,,,,,,primer_box_rack,,Stock of primers for G8H-CPR library ,Stock of primers for G8H-CPR library 
,,,1,C,9,,,,,,primer_box_rack,,Stock of primers for G8H-CPR library ,Stock of primers for G8H-CPR library 
,,,1,D,1,,,,,,primer_box_rack,,Stock of primers for G8H-CPR library ,Stock of primers for G8H-CPR library 
,,,1,D,2,,,,,,primer_box_rack,,Stock of primers for G8H-CPR library ,Stock of primers for G8H-CPR library 
,,,1,D,3,,,,,,primer_box_rack,,Stock of primers for G8H-CPR library ,Stock of primers for G8H-CPR library 
,,,1,D,4,,,,,,primer_box_rack,,Stock of primers for G8H-CPR library ,Stock of primers for G8H-CPR library 
,,,1,D,5,,,,,,primer_box_rack,,Stock of primers for G8H-CPR library ,Stock of primers for G8H-CPR library 
,,,1,D,6,,,,,,primer_box_rack,,Stock of primers for G8H-CPR library ,Stock of primers for G8H-CPR library 
,,,1,D,7,,,,,,primer_box_rack,,Stock of primers for G8H-CPR library ,Stock of primers for G8H-CPR library 
,,,1,D,8,,,,,,primer_box_rack,,Stock of primers for G8H-CPR library ,Stock of primers for G8H-CPR library 
,,,1,D,9,,,,,,primer_box_rack,,Stock of primers for G8H-CPR library ,Stock of primers for G8H-CPR library 
,,,1,E,1,,,,,,primer_box_rack,,Stock of primers for G8H-CPR library ,Stock of primers for G8H-CPR library 
,,,1,E,2,,,,,,primer_box_rack,,Stock of primers for G8H-CPR library ,Stock of primers for G8H-CPR library 
,,,1,E,3,,,,,,primer_box_rack,,Stock of primers for G8H-CPR library ,Stock of primers for G8H-CPR library 
,,,1,E,4,,,,,,primer_box_rack,,Stock of primers for G8H-CPR library ,Stock of primers for G8H-CPR library 
,,,1,E,5,,,,,,primer_box_rack,,Stock of primers for G8H-CPR library ,Stock of primers for G8H-CPR library 
,,,1,E,6,,,,,,primer_box_rack,,Stock of primers for G8H-CPR library ,Stock of primers for G8H-CPR library 
,,,1,E,7,,,,,,primer_box_rack,,Stock of primers for G8H-CPR library ,Stock of primers for G8H-CPR library 
,,,1,E,8,,,,,,primer_box_rack,,Stock of primers for G8H-CPR library ,Stock of primers for G8H-CPR library 
,,,1,E,9,,,,,,primer_box_rack,,Stock of primers for G8H-CPR library ,Stock of primers for G8H-CPR library 
,,,1,F,1,,,,,,primer_box_rack,,Stock of primers for G8H-CPR library ,Stock of primers for G8H-CPR library 
,,,1,F,2,,,,,,primer_box_rack,,Stock of primers for G8H-CPR library ,Stock of primers for G8H-CPR library 
,,,1,F,3,,,,,,primer_box_rack,,Stock of primers for G8H-CPR library ,Stock of primers for G8H-CPR library 
,,,1,F,4,,,,,,primer_box_rack,,Stock of primers for G8H-CPR library ,Stock of primers for G8H-CPR library 
,,,1,F,5,,,,,,primer_box_rack,,Stock of primers for G8H-CPR library ,Stock of primers for G8H-CPR library 
,,,1,F,6,,,,,,primer_box_rack,,Stock of primers for G8H-CPR library ,Stock of primers for G8H-CPR library 
,,,1,F,7,,,,,,primer_box_rack,,Stock of primers for G8H-CPR library ,Stock of primers for G8H-CPR library 
,,,1,F,8,,,,,,primer_box_rack,,Stock of primers for G8H-CPR library ,Stock of primers for G8H-CPR library 
,,,1,F,9,,,,,,primer_box_rack,,Stock of primers for G8H-CPR library ,Stock of primers for G8H-CPR library 
,,,1,G,1,,,,,,primer_box_rack,,Stock of primers for G8H-CPR library ,Stock of primers for G8H-CPR library 
,,,1,G,2,,,,,,primer_box_rack,,Stock of primers for G8H-CPR library ,Stock of primers for G8H-CPR library 
,,,1,G,3,,,,,,primer_box_rack,,Stock of primers for G8H-CPR library ,Stock of primers for G8H-CPR library 
,,,1,G,4,,,,,,primer_box_rack,,Stock of primers for G8H-CPR library ,Stock of primers for G8H-CPR library 
,,,1,G,5,,,,,,primer_box_rack,,Stock of primers for G8H-CPR library ,Stock of primers for G8H-CPR library 
,,,1,G,6,,,,,,primer_box_rack,,Stock of primers for G8H-CPR library ,Stock of primers for G8H-CPR library 
,,,1,G,7,,,,,,primer_box_rack,,Stock of primers for G8H-CPR library ,Stock of primers for G8H-CPR library 
,,,1,G,8,,,,,,primer_box_rack,,Stock of primers for G8H-CPR library ,Stock of primers for G8H-CPR library 
,,,1,G,9,,,,,,primer_box_rack,,Stock of primers for G8H-CPR library ,Stock of primers for G8H-CPR library 
,,,1,H,1,,,,,,primer_box_rack,,Stock of primers for G8H-CPR library ,Stock of primers for G8H-CPR library 
,,,1,H,2,,,,,,primer_box_rack,,Stock of primers for G8H-CPR library ,Stock of primers for G8H-CPR library 
,,,1,H,3,,,,,,primer_box_rack,,Stock of primers for G8H-CPR library ,Stock of primers for G8H-CPR library 
,,,1,H,4,,,,,,primer_box_rack,,Stock of primers for G8H-CPR library ,Stock of primers for G8H-CPR library 
,,,1,H,5,,,,,,primer_box_rack,,Stock of primers for G8H-CPR library ,Stock of primers for G8H-CPR library 
,,,1,H,6,,,,,,primer_box_rack,,Stock of primers for G8H-CPR library ,Stock of primers for G8H-CPR library 
,,,1,H,7,,,,,,primer_box_rack,,Stock of primers for G8H-CPR library ,Stock of primers for G8H-CPR library 
,,,1,H,8,,,,,,primer_box_rack,,Stock of primers for G8H-CPR library ,Stock of primers for G8H-CPR library 
,,,1,H,9,,,,,,primer_box_rack,,Stock of primers for G8H-CPR library ,Stock of primers for G8H-CPR library 
,,,1,I,1,,,,,,primer_box_rack,,Stock of primers for G8H-CPR library ,Stock of primers for G8H-CPR library 
,,,1,I,2,,,,,,primer_box_rack,,Stock of primers for G8H-CPR library ,Stock of primers for G8H-CPR library 
,,,1,I,3,,,,,,primer_box_rack,,Stock of primers for G8H-CPR library ,Stock of primers for G8H-CPR library 
,,,1,I,4,,,,,,primer_box_rack,,Stock of primers for G8H-CPR library ,Stock of primers for G8H-CPR library 
,,,1,I,5,,,,,,primer_box_rack,,Stock of primers for G8H-CPR library ,Stock of primers for G8H-CPR library 
,,,1,I,6,,,,,,primer_box_rack,,Stock of primers for G8H-CPR library ,Stock of primers for G8H-CPR library 
,,,1,I,7,,,,,,primer_box_rack,,Stock of primers for G8H-CPR library ,Stock of primers for G8H-CPR library 
,,,1,I,8,,,,,,primer_box_rack,,Stock of primers for G8H-CPR library ,Stock of primers for G8H-CPR library 
,,,1,I,9,,,,,,primer_box_rack,,Stock of primers for G8H-CPR library ,Stock of primers for G8H-CPR library 
10137.0,USER_XhoI_Fw,08-15-2022,2,A,1,28.0,ACTctcgagAGCGACCTCATGCTATACC,,,[],primer_box_rack,,Stock of primers for G8H-CPR library ,Stock of primers for G8H-CPR library 
10138.0,XI-3- down-out-sq,08-15-2022,2,A,2,20.0,CACATTGAGCGAATGAAACG,,,[],primer_box_rack,,Stock of primers for G8H-CPR library ,Stock of primers for G8H-CPR library 
10139.0,tADH1_fw,08-15-2022,2,A,3,27.0,GTTGACACTTCTAAATAAGCGAATTTC,,,[],primer_box_rack,,Stock of primers for G8H-CPR library ,Stock of primers for G8H-CPR library 
10140.0,XI_2_sq_rv,08-15-2022,2,A,4,20.0,GAGACAAGATGGGGCAAGAC,,,[],primer_box_rack,,Stock of primers for G8H-CPR library ,Stock of primers for G8H-CPR library 
10141.0,XI-3-up-out-sq,08-15-2022,2,A,5,20.0,GTGCTTGATTTGCGTCATTC,,,[],primer_box_rack,,Stock of primers for G8H-CPR library ,Stock of primers for G8H-CPR library 
10142.0,tADH1_160_rv,08-15-2022,2,A,6,24.0,GAAATTCGCTTATTTAGAAGTGTC,,,[],primer_box_rack,,Stock of primers for G8H-CPR library ,Stock of primers for G8H-CPR library 
10143.0,pPGK1_Seq_Rv,08-15-2022,2,A,7,20.0,AATTCAAGAAGGAGGGAAAC,,,[],primer_box_rack,,Stock of primers for G8H-CPR library ,Stock of primers for G8H-CPR library 
10144.0,pad_pCPR_fw,08-15-2022,2,A,8,17.0,GGCGTATGGACCTGTCT,,,[],primer_box_rack,,Stock of primers for G8H-CPR library ,Stock of primers for G8H-CPR library 
10145.0,tCYC1_150_rv,08-15-2022,2,A,9,21.0,CTCCTTCCTTTTCGGTTAGAG,,,[],primer_box_rack,,Stock of primers for G8H-CPR library ,Stock of primers for G8H-CPR library 
10146.0,XI_2_sq_fw,08-15-2022,2,B,1,20.0,GTTTGTAGTTGGCGGTGGAG,,,[],primer_box_rack,,Stock of primers for G8H-CPR library ,Stock of primers for G8H-CPR library 
10147.0,tTRP1_60_Fw,08-15-2022,2,B,2,18.0,ACCGCACAGATGCGTAAG,,,[],primer_box_rack,,Stock of primers for G8H-CPR library ,Stock of primers for G8H-CPR library 
10148.0,pad_pG8H_fw,08-15-2022,2,B,3,18.0,TGCCCATTCGATAAGGCA,,,[],primer_box_rack,,Stock of primers for G8H-CPR library ,Stock of primers for G8H-CPR library 
10155.0,X_3_up_out_sq,08-15-2022,2,B,4,20.0,TGACGAATCGTTAGGCACAG,,,[],primer_box_rack,,Stock of primers for G8H-CPR library ,Stock of primers for G8H-CPR library 
10156.0,pTDH3_Seq,08-15-2022,2,B,5,19.0,CGAGACTGAGCGACCTCAT,,,[],primer_box_rack,,Stock of primers for G8H-CPR library ,Stock of primers for G8H-CPR library 
10157.0,CroCPR_U_Rv,08-15-2022,2,B,6,20.0,GCAGTGGTGTTTTGATGTAT,,,[],primer_box_rack,,Stock of primers for G8H-CPR library ,Stock of primers for G8H-CPR library 
10158.0,U_pSNR52_Fw_1,08-15-2022,2,B,7,31.0,CGTGCGAUTCTTTGAAAAGATAATGTATGA,,,[],primer_box_rack,,Stock of primers for G8H-CPR library ,Stock of primers for G8H-CPR library 
10159.0,TJOS_66_P2R,08-15-2022,2,B,8,29.0,ACCTGCACUTAACTAATTACATGACTCGA,,,[],primer_box_rack,,Stock of primers for G8H-CPR library ,Stock of primers for G8H-CPR library 
10160.0,U_pSNR52_Fw_2,08-15-2022,2,B,9,31.0,AGTGCAGGUTCTTTGAAAAGATAATGTATGA,,,[],primer_box_rack,,Stock of primers for G8H-CPR library ,Stock of primers for G8H-CPR library 
10161.0,TJOS_65_P1R,08-15-2022,2,C,1,28.0,CACGCGAUTAACTAATTACATGACTCGA,,,[],primer_box_rack,,Stock of primers for G8H-CPR library ,Stock of primers for G8H-CPR library 
10166.0,pad_pG8H_fw2,08-15-2022,2,C,2,17.0,AGACAGGTCCATACGCC,10.0,10.0,[],primer_box_rack,,pad_pG8H_fw2_checking_primer,description
10167.0,pad_pCPR_fw2,08-15-2022,2,C,3,18.0,TGCCTTATCGAATGGGCA,10.0,10.0,[],primer_box_rack,,pad_pCPR_fw2_checking_primer,description
,,,2,C,4,,,,,,primer_box_rack,,Stock of primers for G8H-CPR library ,Stock of primers for G8H-CPR library 
,,,2,C,5,,,,,,primer_box_rack,,Stock of primers for G8H-CPR library ,Stock of primers for G8H-CPR library 
,,,2,C,6,,,,,,primer_box_rack,,Stock of primers for G8H-CPR library ,Stock of primers for G8H-CPR library 
,,,2,C,7,,,,,,primer_box_rack,,Stock of primers for G8H-CPR library ,Stock of primers for G8H-CPR library 
,,,2,C,8,,,,,,primer_box_rack,,Stock of primers for G8H-CPR library ,Stock of primers for G8H-CPR library 
,,,2,C,9,,,,,,primer_box_rack,,Stock of primers for G8H-CPR library ,Stock of primers for G8H-CPR library 
,,,2,D,1,,,,,,primer_box_rack,,Stock of primers for G8H-CPR library ,Stock of primers for G8H-CPR library 
,,,2,D,2,,,,,,primer_box_rack,,Stock of primers for G8H-CPR library ,Stock of primers for G8H-CPR library 
,,,2,D,3,,,,,,primer_box_rack,,Stock of primers for G8H-CPR library ,Stock of primers for G8H-CPR library 
,,,2,D,4,,,,,,primer_box_rack,,Stock of primers for G8H-CPR library ,Stock of primers for G8H-CPR library 
,,,2,D,5,,,,,,primer_box_rack,,Stock of primers for G8H-CPR library ,Stock of primers for G8H-CPR library 
,,,2,D,6,,,,,,primer_box_rack,,Stock of primers for G8H-CPR library ,Stock of primers for G8H-CPR library 
,,,2,D,7,,,,,,primer_box_rack,,Stock of primers for G8H-CPR library ,Stock of primers for G8H-CPR library 
,,,2,D,8,,,,,,primer_box_rack,,Stock of primers for G8H-CPR library ,Stock of primers for G8H-CPR library 
,,,2,D,9,,,,,,primer_box_rack,,Stock of primers for G8H-CPR library ,Stock of primers for G8H-CPR library 
,,,2,E,1,,,,,,primer_box_rack,,Stock of primers for G8H-CPR library ,Stock of primers for G8H-CPR library 
,,,2,E,2,,,,,,primer_box_rack,,Stock of primers for G8H-CPR library ,Stock of primers for G8H-CPR library 
,,,2,E,3,,,,,,primer_box_rack,,Stock of primers for G8H-CPR library ,Stock of primers for G8H-CPR library 
,,,2,E,4,,,,,,primer_box_rack,,Stock of primers for G8H-CPR library ,Stock of primers for G8H-CPR library 
,,,2,E,5,,,,,,primer_box_rack,,Stock of primers for G8H-CPR library ,Stock of primers for G8H-CPR library 
,,,2,E,6,,,,,,primer_box_rack,,Stock of primers for G8H-CPR library ,Stock of primers for G8H-CPR library 
,,,2,E,7,,,,,,primer_box_rack,,Stock of primers for G8H-CPR library ,Stock of primers for G8H-CPR library 
,,,2,E,8,,,,,,primer_box_rack,,Stock of primers for G8H-CPR library ,Stock of primers for G8H-CPR library 
,,,2,E,9,,,,,,primer_box_rack,,Stock of primers for G8H-CPR library ,Stock of primers for G8H-CPR library 
,,,2,F,1,,,,,,primer_box_rack,,Stock of primers for G8H-CPR library ,Stock of primers for G8H-CPR library 
,,,2,F,2,,,,,,primer_box_rack,,Stock of primers for G8H-CPR library ,Stock of primers for G8H-CPR library 
,,,2,F,3,,,,,,primer_box_rack,,Stock of primers for G8H-CPR library ,Stock of primers for G8H-CPR library 
,,,2,F,4,,,,,,primer_box_rack,,Stock of primers for G8H-CPR library ,Stock of primers for G8H-CPR library 
,,,2,F,5,,,,,,primer_box_rack,,Stock of primers for G8H-CPR library ,Stock of primers for G8H-CPR library 
,,,2,F,6,,,,,,primer_box_rack,,Stock of primers for G8H-CPR library ,Stock of primers for G8H-CPR library 
,,,2,F,7,,,,,,primer_box_rack,,Stock of primers for G8H-CPR library ,Stock of primers for G8H-CPR library 
,,,2,F,8,,,,,,primer_box_rack,,Stock of primers for G8H-CPR library ,Stock of primers for G8H-CPR library 
,,,2,F,9,,,,,,primer_box_rack,,Stock of primers for G8H-CPR library ,Stock of primers for G8H-CPR library 
,,,2,G,1,,,,,,primer_box_rack,,Stock of primers for G8H-CPR library ,Stock of primers for G8H-CPR library 
,,,2,G,2,,,,,,primer_box_rack,,Stock of primers for G8H-CPR library ,Stock of primers for G8H-CPR library 
,,,2,G,3,,,,,,primer_box_rack,,Stock of primers for G8H-CPR library ,Stock of primers for G8H-CPR library 
,,,2,G,4,,,,,,primer_box_rack,,Stock of primers for G8H-CPR library ,Stock of primers for G8H-CPR library 
,,,2,G,5,,,,,,primer_box_rack,,Stock of primers for G8H-CPR library ,Stock of primers for G8H-CPR library 
,,,2,G,6,,,,,,primer_box_rack,,Stock of primers for G8H-CPR library ,Stock of primers for G8H-CPR library 
,,,2,G,7,,,,,,primer_box_rack,,Stock of primers for G8H-CPR library ,Stock of primers for G8H-CPR library 
,,,2,G,8,,,,,,primer_box_rack,,Stock of primers for G8H-CPR library ,Stock of primers for G8H-CPR library 
,,,2,G,9,,,,,,primer_box_rack,,Stock of primers for G8H-CPR library ,Stock of primers for G8H-CPR library 
,,,2,H,1,,,,,,primer_box_rack,,Stock of primers for G8H-CPR library ,Stock of primers for G8H-CPR library 
,,,2,H,2,,,,,,primer_box_rack,,Stock of primers for G8H-CPR library ,Stock of primers for G8H-CPR library 
,,,2,H,3,,,,,,primer_box_rack,,Stock of primers for G8H-CPR library ,Stock of primers for G8H-CPR library 
,,,2,H,4,,,,,,primer_box_rack,,Stock of primers for G8H-CPR library ,Stock of primers for G8H-CPR library 
,,,2,H,5,,,,,,primer_box_rack,,Stock of primers for G8H-CPR library ,Stock of primers for G8H-CPR library 
,,,2,H,6,,,,,,primer_box_rack,,Stock of primers for G8H-CPR library ,Stock of primers for G8H-CPR library 
,,,2,H,7,,,,,,primer_box_rack,,Stock of primers for G8H-CPR library ,Stock of primers for G8H-CPR library 
,,,2,H,8,,,,,,primer_box_rack,,Stock of primers for G8H-CPR library ,Stock of primers for G8H-CPR library 
,,,2,H,9,,,,,,primer_box_rack,,Stock of primers for G8H-CPR library ,Stock of primers for G8H-CPR library 
,,,2,I,1,,,,,,primer_box_rack,,Stock of primers for G8H-CPR library ,Stock of primers for G8H-CPR library 
,,,2,I,2,,,,,,primer_box_rack,,Stock of primers for G8H-CPR library ,Stock of primers for G8H-CPR library 
,,,2,I,3,,,,,,primer_box_rack,,Stock of primers for G8H-CPR library ,Stock of primers for G8H-CPR library 
,,,2,I,4,,,,,,primer_box_rack,,Stock of primers for G8H-CPR library ,Stock of primers for G8H-CPR library 
,,,2,I,5,,,,,,primer_box_rack,,Stock of primers for G8H-CPR library ,Stock of primers for G8H-CPR library 
,,,2,I,6,,,,,,primer_box_rack,,Stock of primers for G8H-CPR library ,Stock of primers for G8H-CPR library 
,,,2,I,7,,,,,,primer_box_rack,,Stock of primers for G8H-CPR library ,Stock of primers for G8H-CPR library 
,,,2,I,8,,,,,,primer_box_rack,,Stock of primers for G8H-CPR library ,Stock of primers for G8H-CPR library 
,,,2,I,9,,,,,,primer_box_rack,,Stock of primers for G8H-CPR library ,Stock of primers for G8H-CPR library 
,,,3,A,1,,,,,,primer_box_rack,,Stock of primers for G8H-CPR library ,Stock of primers for G8H-CPR library 
,,,3,A,2,,,,,,primer_box_rack,,Stock of primers for G8H-CPR library ,Stock of primers for G8H-CPR library 
,,,3,A,3,,,,,,primer_box_rack,,Stock of primers for G8H-CPR library ,Stock of primers for G8H-CPR library 
,,,3,A,4,,,,,,primer_box_rack,,Stock of primers for G8H-CPR library ,Stock of primers for G8H-CPR library 
,,,3,A,5,,,,,,primer_box_rack,,Stock of primers for G8H-CPR library ,Stock of primers for G8H-CPR library 
,,,3,A,6,,,,,,primer_box_rack,,Stock of primers for G8H-CPR library ,Stock of primers for G8H-CPR library 
,,,3,A,7,,,,,,primer_box_rack,,Stock of primers for G8H-CPR library ,Stock of primers for G8H-CPR library 
,,,3,A,8,,,,,,primer_box_rack,,Stock of primers for G8H-CPR library ,Stock of primers for G8H-CPR library 
,,,3,A,9,,,,,,primer_box_rack,,Stock of primers for G8H-CPR library ,Stock of primers for G8H-CPR library 
,,,3,B,1,,,,,,primer_box_rack,,Stock of primers for G8H-CPR library ,Stock of primers for G8H-CPR library 
,,,3,B,2,,,,,,primer_box_rack,,Stock of primers for G8H-CPR library ,Stock of primers for G8H-CPR library 
,,,3,B,3,,,,,,primer_box_rack,,Stock of primers for G8H-CPR library ,Stock of primers for G8H-CPR library 
,,,3,B,4,,,,,,primer_box_rack,,Stock of primers for G8H-CPR library ,Stock of primers for G8H-CPR library 
,,,3,B,5,,,,,,primer_box_rack,,Stock of primers for G8H-CPR library ,Stock of primers for G8H-CPR library 
,,,3,B,6,,,,,,primer_box_rack,,Stock of primers for G8H-CPR library ,Stock of primers for G8H-CPR library 
,,,3,B,7,,,,,,primer_box_rack,,Stock of primers for G8H-CPR library ,Stock of primers for G8H-CPR library 
,,,3,B,8,,,,,,primer_box_rack,,Stock of primers for G8H-CPR library ,Stock of primers for G8H-CPR library 
,,,3,B,9,,,,,,primer_box_rack,,Stock of primers for G8H-CPR library ,Stock of primers for G8H-CPR library 
,,,3,C,1,,,,,,primer_box_rack,,Stock of primers for G8H-CPR library ,Stock of primers for G8H-CPR library 
,,,3,C,2,,,,,,primer_box_rack,,Stock of primers for G8H-CPR library ,Stock of primers for G8H-CPR library 
,,,3,C,3,,,,,,primer_box_rack,,Stock of primers for G8H-CPR library ,Stock of primers for G8H-CPR library 
,,,3,C,4,,,,,,primer_box_rack,,Stock of primers for G8H-CPR library ,Stock of primers for G8H-CPR library 
,,,3,C,5,,,,,,primer_box_rack,,Stock of primers for G8H-CPR library ,Stock of primers for G8H-CPR library 
,,,3,C,6,,,,,,primer_box_rack,,Stock of primers for G8H-CPR library ,Stock of primers for G8H-CPR library 
,,,3,C,7,,,,,,primer_box_rack,,Stock of primers for G8H-CPR library ,Stock of primers for G8H-CPR library 
,,,3,C,8,,,,,,primer_box_rack,,Stock of primers for G8H-CPR library ,Stock of primers for G8H-CPR library 
,,,3,C,9,,,,,,primer_box_rack,,Stock of primers for G8H-CPR library ,Stock of primers for G8H-CPR library 
,,,3,D,1,,,,,,primer_box_rack,,Stock of primers for G8H-CPR library ,Stock of primers for G8H-CPR library 
,,,3,D,2,,,,,,primer_box_rack,,Stock of primers for G8H-CPR library ,Stock of primers for G8H-CPR library 
,,,3,D,3,,,,,,primer_box_rack,,Stock of primers for G8H-CPR library ,Stock of primers for G8H-CPR library 
,,,3,D,4,,,,,,primer_box_rack,,Stock of primers for G8H-CPR library ,Stock of primers for G8H-CPR library 
,,,3,D,5,,,,,,primer_box_rack,,Stock of primers for G8H-CPR library ,Stock of primers for G8H-CPR library 
,,,3,D,6,,,,,,primer_box_rack,,Stock of primers for G8H-CPR library ,Stock of primers for G8H-CPR library 
,,,3,D,7,,,,,,primer_box_rack,,Stock of primers for G8H-CPR library ,Stock of primers for G8H-CPR library 
,,,3,D,8,,,,,,primer_box_rack,,Stock of primers for G8H-CPR library ,Stock of primers for G8H-CPR library 
,,,3,D,9,,,,,,primer_box_rack,,Stock of primers for G8H-CPR library ,Stock of primers for G8H-CPR library 
,,,3,E,1,,,,,,primer_box_rack,,Stock of primers for G8H-CPR library ,Stock of primers for G8H-CPR library 
,,,3,E,2,,,,,,primer_box_rack,,Stock of primers for G8H-CPR library ,Stock of primers for G8H-CPR library 
,,,3,E,3,,,,,,primer_box_rack,,Stock of primers for G8H-CPR library ,Stock of primers for G8H-CPR library 
,,,3,E,4,,,,,,primer_box_rack,,Stock of primers for G8H-CPR library ,Stock of primers for G8H-CPR library 
,,,3,E,5,,,,,,primer_box_rack,,Stock of primers for G8H-CPR library ,Stock of primers for G8H-CPR library 
,,,3,E,6,,,,,,primer_box_rack,,Stock of primers for G8H-CPR library ,Stock of primers for G8H-CPR library 
,,,3,E,7,,,,,,primer_box_rack,,Stock of primers for G8H-CPR library ,Stock of primers for G8H-CPR library 
,,,3,E,8,,,,,,primer_box_rack,,Stock of primers for G8H-CPR library ,Stock of primers for G8H-CPR library 
,,,3,E,9,,,,,,primer_box_rack,,Stock of primers for G8H-CPR library ,Stock of primers for G8H-CPR library 
,,,3,F,1,,,,,,primer_box_rack,,Stock of primers for G8H-CPR library ,Stock of primers for G8H-CPR library 
,,,3,F,2,,,,,,primer_box_rack,,Stock of primers for G8H-CPR library ,Stock of primers for G8H-CPR library 
,,,3,F,3,,,,,,primer_box_rack,,Stock of primers for G8H-CPR library ,Stock of primers for G8H-CPR library 
,,,3,F,4,,,,,,primer_box_rack,,Stock of primers for G8H-CPR library ,Stock of primers for G8H-CPR library 
,,,3,F,5,,,,,,primer_box_rack,,Stock of primers for G8H-CPR library ,Stock of primers for G8H-CPR library 
,,,3,F,6,,,,,,primer_box_rack,,Stock of primers for G8H-CPR library ,Stock of primers for G8H-CPR library 
,,,3,F,7,,,,,,primer_box_rack,,Stock of primers for G8H-CPR library ,Stock of primers for G8H-CPR library 
,,,3,F,8,,,,,,primer_box_rack,,Stock of primers for G8H-CPR library ,Stock of primers for G8H-CPR library 
,,,3,F,9,,,,,,primer_box_rack,,Stock of primers for G8H-CPR library ,Stock of primers for G8H-CPR library 
,,,3,G,1,,,,,,primer_box_rack,,Stock of primers for G8H-CPR library ,Stock of primers for G8H-CPR library 
,,,3,G,2,,,,,,primer_box_rack,,Stock of primers for G8H-CPR library ,Stock of primers for G8H-CPR library 
,,,3,G,3,,,,,,primer_box_rack,,Stock of primers for G8H-CPR library ,Stock of primers for G8H-CPR library 
,,,3,G,4,,,,,,primer_box_rack,,Stock of primers for G8H-CPR library ,Stock of primers for G8H-CPR library 
,,,3,G,5,,,,,,primer_box_rack,,Stock of primers for G8H-CPR library ,Stock of primers for G8H-CPR library 
,,,3,G,6,,,,,,primer_box_rack,,Stock of primers for G8H-CPR library ,Stock of primers for G8H-CPR library 
,,,3,G,7,,,,,,primer_box_rack,,Stock of primers for G8H-CPR library ,Stock of primers for G8H-CPR library 
,,,3,G,8,,,,,,primer_box_rack,,Stock of primers for G8H-CPR library ,Stock of primers for G8H-CPR library 
,,,3,G,9,,,,,,primer_box_rack,,Stock of primers for G8H-CPR library ,Stock of primers for G8H-CPR library 
,,,3,H,1,,,,,,primer_box_rack,,Stock of primers for G8H-CPR library ,Stock of primers for G8H-CPR library 
,,,3,H,2,,,,,,primer_box_rack,,Stock of primers for G8H-CPR library ,Stock of primers for G8H-CPR library 
,,,3,H,3,,,,,,primer_box_rack,,Stock of primers for G8H-CPR library ,Stock of primers for G8H-CPR library 
,,,3,H,4,,,,,,primer_box_rack,,Stock of primers for G8H-CPR library ,Stock of primers for G8H-CPR library 
,,,3,H,5,,,,,,primer_box_rack,,Stock of primers for G8H-CPR library ,Stock of primers for G8H-CPR library 
,,,3,H,6,,,,,,primer_box_rack,,Stock of primers for G8H-CPR library ,Stock of primers for G8H-CPR library 
,,,3,H,7,,,,,,primer_box_rack,,Stock of primers for G8H-CPR library ,Stock of primers for G8H-CPR library 
,,,3,H,8,,,,,,primer_box_rack,,Stock of primers for G8H-CPR library ,Stock of primers for G8H-CPR library 
,,,3,H,9,,,,,,primer_box_rack,,Stock of primers for G8H-CPR library ,Stock of primers for G8H-CPR library 
,,,3,I,1,,,,,,primer_box_rack,,Stock of primers for G8H-CPR library ,Stock of primers for G8H-CPR library 
,,,3,I,2,,,,,,primer_box_rack,,Stock of primers for G8H-CPR library ,Stock of primers for G8H-CPR library 
,,,3,I,3,,,,,,primer_box_rack,,Stock of primers for G8H-CPR library ,Stock of primers for G8H-CPR library 
,,,3,I,4,,,,,,primer_box_rack,,Stock of primers for G8H-CPR library ,Stock of primers for G8H-CPR library 
,,,3,I,5,,,,,,primer_box_rack,,Stock of primers for G8H-CPR library ,Stock of primers for G8H-CPR library 
,,,3,I,6,,,,,,primer_box_rack,,Stock of primers for G8H-CPR library ,Stock of primers for G8H-CPR library 
,,,3,I,7,,,,,,primer_box_rack,,Stock of primers for G8H-CPR library ,Stock of primers for G8H-CPR library 
,,,3,I,8,,,,,,primer_box_rack,,Stock of primers for G8H-CPR library ,Stock of primers for G8H-CPR library 
,,,3,I,9,,,,,,primer_box_rack,,Stock of primers for G8H-CPR library ,Stock of primers for G8H-CPR library 
,,,4,A,1,,,,,,primer_box_rack,,Stock of primers for G8H-CPR library ,Stock of primers for G8H-CPR library 
,,,4,A,2,,,,,,primer_box_rack,,Stock of primers for G8H-CPR library ,Stock of primers for G8H-CPR library 
,,,4,A,3,,,,,,primer_box_rack,,Stock of primers for G8H-CPR library ,Stock of primers for G8H-CPR library 
,,,4,A,4,,,,,,primer_box_rack,,Stock of primers for G8H-CPR library ,Stock of primers for G8H-CPR library 
,,,4,A,5,,,,,,primer_box_rack,,Stock of primers for G8H-CPR library ,Stock of primers for G8H-CPR library 
,,,4,A,6,,,,,,primer_box_rack,,Stock of primers for G8H-CPR library ,Stock of primers for G8H-CPR library 
,,,4,A,7,,,,,,primer_box_rack,,Stock of primers for G8H-CPR library ,Stock of primers for G8H-CPR library 
,,,4,A,8,,,,,,primer_box_rack,,Stock of primers for G8H-CPR library ,Stock of primers for G8H-CPR library 
,,,4,A,9,,,,,,primer_box_rack,,Stock of primers for G8H-CPR library ,Stock of primers for G8H-CPR library 
,,,4,B,1,,,,,,primer_box_rack,,Stock of primers for G8H-CPR library ,Stock of primers for G8H-CPR library 
,,,4,B,2,,,,,,primer_box_rack,,Stock of primers for G8H-CPR library ,Stock of primers for G8H-CPR library 
,,,4,B,3,,,,,,primer_box_rack,,Stock of primers for G8H-CPR library ,Stock of primers for G8H-CPR library 
,,,4,B,4,,,,,,primer_box_rack,,Stock of primers for G8H-CPR library ,Stock of primers for G8H-CPR library 
,,,4,B,5,,,,,,primer_box_rack,,Stock of primers for G8H-CPR library ,Stock of primers for G8H-CPR library 
,,,4,B,6,,,,,,primer_box_rack,,Stock of primers for G8H-CPR library ,Stock of primers for G8H-CPR library 
,,,4,B,7,,,,,,primer_box_rack,,Stock of primers for G8H-CPR library ,Stock of primers for G8H-CPR library 
,,,4,B,8,,,,,,primer_box_rack,,Stock of primers for G8H-CPR library ,Stock of primers for G8H-CPR library 
,,,4,B,9,,,,,,primer_box_rack,,Stock of primers for G8H-CPR library ,Stock of primers for G8H-CPR library 
,,,4,C,1,,,,,,primer_box_rack,,Stock of primers for G8H-CPR library ,Stock of primers for G8H-CPR library 
,,,4,C,2,,,,,,primer_box_rack,,Stock of primers for G8H-CPR library ,Stock of primers for G8H-CPR library 
,,,4,C,3,,,,,,primer_box_rack,,Stock of primers for G8H-CPR library ,Stock of primers for G8H-CPR library 
,,,4,C,4,,,,,,primer_box_rack,,Stock of primers for G8H-CPR library ,Stock of primers for G8H-CPR library 
,,,4,C,5,,,,,,primer_box_rack,,Stock of primers for G8H-CPR library ,Stock of primers for G8H-CPR library 
,,,4,C,6,,,,,,primer_box_rack,,Stock of primers for G8H-CPR library ,Stock of primers for G8H-CPR library 
,,,4,C,7,,,,,,primer_box_rack,,Stock of primers for G8H-CPR library ,Stock of primers for G8H-CPR library 
,,,4,C,8,,,,,,primer_box_rack,,Stock of primers for G8H-CPR library ,Stock of primers for G8H-CPR library 
,,,4,C,9,,,,,,primer_box_rack,,Stock of primers for G8H-CPR library ,Stock of primers for G8H-CPR library 
,,,4,D,1,,,,,,primer_box_rack,,Stock of primers for G8H-CPR library ,Stock of primers for G8H-CPR library 
,,,4,D,2,,,,,,primer_box_rack,,Stock of primers for G8H-CPR library ,Stock of primers for G8H-CPR library 
,,,4,D,3,,,,,,primer_box_rack,,Stock of primers for G8H-CPR library ,Stock of primers for G8H-CPR library 
,,,4,D,4,,,,,,primer_box_rack,,Stock of primers for G8H-CPR library ,Stock of primers for G8H-CPR library 
,,,4,D,5,,,,,,primer_box_rack,,Stock of primers for G8H-CPR library ,Stock of primers for G8H-CPR library 
,,,4,D,6,,,,,,primer_box_rack,,Stock of primers for G8H-CPR library ,Stock of primers for G8H-CPR library 
,,,4,D,7,,,,,,primer_box_rack,,Stock of primers for G8H-CPR library ,Stock of primers for G8H-CPR library 
,,,4,D,8,,,,,,primer_box_rack,,Stock of primers for G8H-CPR library ,Stock of primers for G8H-CPR library 
,,,4,D,9,,,,,,primer_box_rack,,Stock of primers for G8H-CPR library ,Stock of primers for G8H-CPR library 
,,,4,E,1,,,,,,primer_box_rack,,Stock of primers for G8H-CPR library ,Stock of primers for G8H-CPR library 
,,,4,E,2,,,,,,primer_box_rack,,Stock of primers for G8H-CPR library ,Stock of primers for G8H-CPR library 
,,,4,E,3,,,,,,primer_box_rack,,Stock of primers for G8H-CPR library ,Stock of primers for G8H-CPR library 
,,,4,E,4,,,,,,primer_box_rack,,Stock of primers for G8H-CPR library ,Stock of primers for G8H-CPR library 
,,,4,E,5,,,,,,primer_box_rack,,Stock of primers for G8H-CPR library ,Stock of primers for G8H-CPR library 
,,,4,E,6,,,,,,primer_box_rack,,Stock of primers for G8H-CPR library ,Stock of primers for G8H-CPR library 
,,,4,E,7,,,,,,primer_box_rack,,Stock of primers for G8H-CPR library ,Stock of primers for G8H-CPR library 
,,,4,E,8,,,,,,primer_box_rack,,Stock of primers for G8H-CPR library ,Stock of primers for G8H-CPR library 
,,,4,E,9,,,,,,primer_box_rack,,Stock of primers for G8H-CPR library ,Stock of primers for G8H-CPR library 
,,,4,F,1,,,,,,primer_box_rack,,Stock of primers for G8H-CPR library ,Stock of primers for G8H-CPR library 
,,,4,F,2,,,,,,primer_box_rack,,Stock of primers for G8H-CPR library ,Stock of primers for G8H-CPR library 
,,,4,F,3,,,,,,primer_box_rack,,Stock of primers for G8H-CPR library ,Stock of primers for G8H-CPR library 
,,,4,F,4,,,,,,primer_box_rack,,Stock of primers for G8H-CPR library ,Stock of primers for G8H-CPR library 
,,,4,F,5,,,,,,primer_box_rack,,Stock of primers for G8H-CPR library ,Stock of primers for G8H-CPR library 
,,,4,F,6,,,,,,primer_box_rack,,Stock of primers for G8H-CPR library ,Stock of primers for G8H-CPR library 
,,,4,F,7,,,,,,primer_box_rack,,Stock of primers for G8H-CPR library ,Stock of primers for G8H-CPR library 
,,,4,F,8,,,,,,primer_box_rack,,Stock of primers for G8H-CPR library ,Stock of primers for G8H-CPR library 
,,,4,F,9,,,,,,primer_box_rack,,Stock of primers for G8H-CPR library ,Stock of primers for G8H-CPR library 
,,,4,G,1,,,,,,primer_box_rack,,Stock of primers for G8H-CPR library ,Stock of primers for G8H-CPR library 
,,,4,G,2,,,,,,primer_box_rack,,Stock of primers for G8H-CPR library ,Stock of primers for G8H-CPR library 
,,,4,G,3,,,,,,primer_box_rack,,Stock of primers for G8H-CPR library ,Stock of primers for G8H-CPR library 
,,,4,G,4,,,,,,primer_box_rack,,Stock of primers for G8H-CPR library ,Stock of primers for G8H-CPR library 
,,,4,G,5,,,,,,primer_box_rack,,Stock of primers for G8H-CPR library ,Stock of primers for G8H-CPR library 
,,,4,G,6,,,,,,primer_box_rack,,Stock of primers for G8H-CPR library ,Stock of primers for G8H-CPR library 
,,,4,G,7,,,,,,primer_box_rack,,Stock of primers for G8H-CPR library ,Stock of primers for G8H-CPR library 
,,,4,G,8,,,,,,primer_box_rack,,Stock of primers for G8H-CPR library ,Stock of primers for G8H-CPR library 
,,,4,G,9,,,,,,primer_box_rack,,Stock of primers for G8H-CPR library ,Stock of primers for G8H-CPR library 
,,,4,H,1,,,,,,primer_box_rack,,Stock of primers for G8H-CPR library ,Stock of primers for G8H-CPR library 
,,,4,H,2,,,,,,primer_box_rack,,Stock of primers for G8H-CPR library ,Stock of primers for G8H-CPR library 
,,,4,H,3,,,,,,primer_box_rack,,Stock of primers for G8H-CPR library ,Stock of primers for G8H-CPR library 
,,,4,H,4,,,,,,primer_box_rack,,Stock of primers for G8H-CPR library ,Stock of primers for G8H-CPR library 
,,,4,H,5,,,,,,primer_box_rack,,Stock of primers for G8H-CPR library ,Stock of primers for G8H-CPR library 
,,,4,H,6,,,,,,primer_box_rack,,Stock of primers for G8H-CPR library ,Stock of primers for G8H-CPR library 
,,,4,H,7,,,,,,primer_box_rack,,Stock of primers for G8H-CPR library ,Stock of primers for G8H-CPR library 
,,,4,H,8,,,,,,primer_box_rack,,Stock of primers for G8H-CPR library ,Stock of primers for G8H-CPR library 
,,,4,H,9,,,,,,primer_box_rack,,Stock of primers for G8H-CPR library ,Stock of primers for G8H-CPR library 
,,,4,I,1,,,,,,primer_box_rack,,Stock of primers for G8H-CPR library ,Stock of primers for G8H-CPR library 
,,,4,I,2,,,,,,primer_box_rack,,Stock of primers for G8H-CPR library ,Stock of primers for G8H-CPR library 
,,,4,I,3,,,,,,primer_box_rack,,Stock of primers for G8H-CPR library ,Stock of primers for G8H-CPR library 
,,,4,I,4,,,,,,primer_box_rack,,Stock of primers for G8H-CPR library ,Stock of primers for G8H-CPR library 
,,,4,I,5,,,,,,primer_box_rack,,Stock of primers for G8H-CPR library ,Stock of primers for G8H-CPR library 
,,,4,I,6,,,,,,primer_box_rack,,Stock of primers for G8H-CPR library ,Stock of primers for G8H-CPR library 
,,,4,I,7,,,,,,primer_box_rack,,Stock of primers for G8H-CPR library ,Stock of primers for G8H-CPR library 
,,,4,I,8,,,,,,primer_box_rack,,Stock of primers for G8H-CPR library ,Stock of primers for G8H-CPR library 
,,,4,I,9,,,,,,primer_box_rack,,Stock of primers for G8H-CPR library ,Stock of primers for G8H-CPR library 
,,,5,A,1,,,,,,primer_box_rack,,Stock of primers for G8H-CPR library ,Stock of primers for G8H-CPR library 
,,,5,A,2,,,,,,primer_box_rack,,Stock of primers for G8H-CPR library ,Stock of primers for G8H-CPR library 
,,,5,A,3,,,,,,primer_box_rack,,Stock of primers for G8H-CPR library ,Stock of primers for G8H-CPR library 
,,,5,A,4,,,,,,primer_box_rack,,Stock of primers for G8H-CPR library ,Stock of primers for G8H-CPR library 
,,,5,A,5,,,,,,primer_box_rack,,Stock of primers for G8H-CPR library ,Stock of primers for G8H-CPR library 
,,,5,A,6,,,,,,primer_box_rack,,Stock of primers for G8H-CPR library ,Stock of primers for G8H-CPR library 
,,,5,A,7,,,,,,primer_box_rack,,Stock of primers for G8H-CPR library ,Stock of primers for G8H-CPR library 
,,,5,A,8,,,,,,primer_box_rack,,Stock of primers for G8H-CPR library ,Stock of primers for G8H-CPR library 
,,,5,A,9,,,,,,primer_box_rack,,Stock of primers for G8H-CPR library ,Stock of primers for G8H-CPR library 
,,,5,B,1,,,,,,primer_box_rack,,Stock of primers for G8H-CPR library ,Stock of primers for G8H-CPR library 
,,,5,B,2,,,,,,primer_box_rack,,Stock of primers for G8H-CPR library ,Stock of primers for G8H-CPR library 
,,,5,B,3,,,,,,primer_box_rack,,Stock of primers for G8H-CPR library ,Stock of primers for G8H-CPR library 
,,,5,B,4,,,,,,primer_box_rack,,Stock of primers for G8H-CPR library ,Stock of primers for G8H-CPR library 
,,,5,B,5,,,,,,primer_box_rack,,Stock of primers for G8H-CPR library ,Stock of primers for G8H-CPR library 
,,,5,B,6,,,,,,primer_box_rack,,Stock of primers for G8H-CPR library ,Stock of primers for G8H-CPR library 
,,,5,B,7,,,,,,primer_box_rack,,Stock of primers for G8H-CPR library ,Stock of primers for G8H-CPR library 
,,,5,B,8,,,,,,primer_box_rack,,Stock of primers for G8H-CPR library ,Stock of primers for G8H-CPR library 
,,,5,B,9,,,,,,primer_box_rack,,Stock of primers for G8H-CPR library ,Stock of primers for G8H-CPR library 
,,,5,C,1,,,,,,primer_box_rack,,Stock of primers for G8H-CPR library ,Stock of primers for G8H-CPR library 
,,,5,C,2,,,,,,primer_box_rack,,Stock of primers for G8H-CPR library ,Stock of primers for G8H-CPR library 
,,,5,C,3,,,,,,primer_box_rack,,Stock of primers for G8H-CPR library ,Stock of primers for G8H-CPR library 
,,,5,C,4,,,,,,primer_box_rack,,Stock of primers for G8H-CPR library ,Stock of primers for G8H-CPR library 
,,,5,C,5,,,,,,primer_box_rack,,Stock of primers for G8H-CPR library ,Stock of primers for G8H-CPR library 
,,,5,C,6,,,,,,primer_box_rack,,Stock of primers for G8H-CPR library ,Stock of primers for G8H-CPR library 
,,,5,C,7,,,,,,primer_box_rack,,Stock of primers for G8H-CPR library ,Stock of primers for G8H-CPR library 
,,,5,C,8,,,,,,primer_box_rack,,Stock of primers for G8H-CPR library ,Stock of primers for G8H-CPR library 
,,,5,C,9,,,,,,primer_box_rack,,Stock of primers for G8H-CPR library ,Stock of primers for G8H-CPR library 
,,,5,D,1,,,,,,primer_box_rack,,Stock of primers for G8H-CPR library ,Stock of primers for G8H-CPR library 
,,,5,D,2,,,,,,primer_box_rack,,Stock of primers for G8H-CPR library ,Stock of primers for G8H-CPR library 
,,,5,D,3,,,,,,primer_box_rack,,Stock of primers for G8H-CPR library ,Stock of primers for G8H-CPR library 
,,,5,D,4,,,,,,primer_box_rack,,Stock of primers for G8H-CPR library ,Stock of primers for G8H-CPR library 
,,,5,D,5,,,,,,primer_box_rack,,Stock of primers for G8H-CPR library ,Stock of primers for G8H-CPR library 
,,,5,D,6,,,,,,primer_box_rack,,Stock of primers for G8H-CPR library ,Stock of primers for G8H-CPR library 
,,,5,D,7,,,,,,primer_box_rack,,Stock of primers for G8H-CPR library ,Stock of primers for G8H-CPR library 
,,,5,D,8,,,,,,primer_box_rack,,Stock of primers for G8H-CPR library ,Stock of primers for G8H-CPR library 
,,,5,D,9,,,,,,primer_box_rack,,Stock of primers for G8H-CPR library ,Stock of primers for G8H-CPR library 
,,,5,E,1,,,,,,primer_box_rack,,Stock of primers for G8H-CPR library ,Stock of primers for G8H-CPR library 
,,,5,E,2,,,,,,primer_box_rack,,Stock of primers for G8H-CPR library ,Stock of primers for G8H-CPR library 
,,,5,E,3,,,,,,primer_box_rack,,Stock of primers for G8H-CPR library ,Stock of primers for G8H-CPR library 
,,,5,E,4,,,,,,primer_box_rack,,Stock of primers for G8H-CPR library ,Stock of primers for G8H-CPR library 
,,,5,E,5,,,,,,primer_box_rack,,Stock of primers for G8H-CPR library ,Stock of primers for G8H-CPR library 
,,,5,E,6,,,,,,primer_box_rack,,Stock of primers for G8H-CPR library ,Stock of primers for G8H-CPR library 
,,,5,E,7,,,,,,primer_box_rack,,Stock of primers for G8H-CPR library ,Stock of primers for G8H-CPR library 
,,,5,E,8,,,,,,primer_box_rack,,Stock of primers for G8H-CPR library ,Stock of primers for G8H-CPR library 
,,,5,E,9,,,,,,primer_box_rack,,Stock of primers for G8H-CPR library ,Stock of primers for G8H-CPR library 
,,,5,F,1,,,,,,primer_box_rack,,Stock of primers for G8H-CPR library ,Stock of primers for G8H-CPR library 
,,,5,F,2,,,,,,primer_box_rack,,Stock of primers for G8H-CPR library ,Stock of primers for G8H-CPR library 
,,,5,F,3,,,,,,primer_box_rack,,Stock of primers for G8H-CPR library ,Stock of primers for G8H-CPR library 
,,,5,F,4,,,,,,primer_box_rack,,Stock of primers for G8H-CPR library ,Stock of primers for G8H-CPR library 
,,,5,F,5,,,,,,primer_box_rack,,Stock of primers for G8H-CPR library ,Stock of primers for G8H-CPR library 
,,,5,F,6,,,,,,primer_box_rack,,Stock of primers for G8H-CPR library ,Stock of primers for G8H-CPR library 
,,,5,F,7,,,,,,primer_box_rack,,Stock of primers for G8H-CPR library ,Stock of primers for G8H-CPR library 
,,,5,F,8,,,,,,primer_box_rack,,Stock of primers for G8H-CPR library ,Stock of primers for G8H-CPR library 
,,,5,F,9,,,,,,primer_box_rack,,Stock of primers for G8H-CPR library ,Stock of primers for G8H-CPR library 
,,,5,G,1,,,,,,primer_box_rack,,Stock of primers for G8H-CPR library ,Stock of primers for G8H-CPR library 
,,,5,G,2,,,,,,primer_box_rack,,Stock of primers for G8H-CPR library ,Stock of primers for G8H-CPR library 
,,,5,G,3,,,,,,primer_box_rack,,Stock of primers for G8H-CPR library ,Stock of primers for G8H-CPR library 
,,,5,G,4,,,,,,primer_box_rack,,Stock of primers for G8H-CPR library ,Stock of primers for G8H-CPR library 
,,,5,G,5,,,,,,primer_box_rack,,Stock of primers for G8H-CPR library ,Stock of primers for G8H-CPR library 
,,,5,G,6,,,,,,primer_box_rack,,Stock of primers for G8H-CPR library ,Stock of primers for G8H-CPR library 
,,,5,G,7,,,,,,primer_box_rack,,Stock of primers for G8H-CPR library ,Stock of primers for G8H-CPR library 
,,,5,G,8,,,,,,primer_box_rack,,Stock of primers for G8H-CPR library ,Stock of primers for G8H-CPR library 
,,,5,G,9,,,,,,primer_box_rack,,Stock of primers for G8H-CPR library ,Stock of primers for G8H-CPR library 
,,,5,H,1,,,,,,primer_box_rack,,Stock of primers for G8H-CPR library ,Stock of primers for G8H-CPR library 
,,,5,H,2,,,,,,primer_box_rack,,Stock of primers for G8H-CPR library ,Stock of primers for G8H-CPR library 
,,,5,H,3,,,,,,primer_box_rack,,Stock of primers for G8H-CPR library ,Stock of primers for G8H-CPR library 
,,,5,H,4,,,,,,primer_box_rack,,Stock of primers for G8H-CPR library ,Stock of primers for G8H-CPR library 
,,,5,H,5,,,,,,primer_box_rack,,Stock of primers for G8H-CPR library ,Stock of primers for G8H-CPR library 
,,,5,H,6,,,,,,primer_box_rack,,Stock of primers for G8H-CPR library ,Stock of primers for G8H-CPR library 
,,,5,H,7,,,,,,primer_box_rack,,Stock of primers for G8H-CPR library ,Stock of primers for G8H-CPR library 
,,,5,H,8,,,,,,primer_box_rack,,Stock of primers for G8H-CPR library ,Stock of primers for G8H-CPR library 
,,,5,H,9,,,,,,primer_box_rack,,Stock of primers for G8H-CPR library ,Stock of primers for G8H-CPR library 
,,,5,I,1,,,,,,primer_box_rack,,Stock of primers for G8H-CPR library ,Stock of primers for G8H-CPR library 
,,,5,I,2,,,,,,primer_box_rack,,Stock of primers for G8H-CPR library ,Stock of primers for G8H-CPR library 
,,,5,I,3,,,,,,primer_box_rack,,Stock of primers for G8H-CPR library ,Stock of primers for G8H-CPR library 
,,,5,I,4,,,,,,primer_box_rack,,Stock of primers for G8H-CPR library ,Stock of primers for G8H-CPR library 
,,,5,I,5,,,,,,primer_box_rack,,Stock of primers for G8H-CPR library ,Stock of primers for G8H-CPR library 
,,,5,I,6,,,,,,primer_box_rack,,Stock of primers for G8H-CPR library ,Stock of primers for G8H-CPR library 
,,,5,I,7,,,,,,primer_box_rack,,Stock of primers for G8H-CPR library ,Stock of primers for G8H-CPR library 
,,,5,I,8,,,,,,primer_box_rack,,Stock of primers for G8H-CPR library ,Stock of primers for G8H-CPR library 
,,,5,I,9,,,,,,primer_box_rack,,Stock of primers for G8H-CPR library ,Stock of primers for G8H-CPR library 
,,,6,A,1,,,,,,primer_box_rack,,Stock of primers for G8H-CPR library ,Stock of primers for G8H-CPR library 
,,,6,A,2,,,,,,primer_box_rack,,Stock of primers for G8H-CPR library ,Stock of primers for G8H-CPR library 
,,,6,A,3,,,,,,primer_box_rack,,Stock of primers for G8H-CPR library ,Stock of primers for G8H-CPR library 
,,,6,A,4,,,,,,primer_box_rack,,Stock of primers for G8H-CPR library ,Stock of primers for G8H-CPR library 
,,,6,A,5,,,,,,primer_box_rack,,Stock of primers for G8H-CPR library ,Stock of primers for G8H-CPR library 
,,,6,A,6,,,,,,primer_box_rack,,Stock of primers for G8H-CPR library ,Stock of primers for G8H-CPR library 
,,,6,A,7,,,,,,primer_box_rack,,Stock of primers for G8H-CPR library ,Stock of primers for G8H-CPR library 
,,,6,A,8,,,,,,primer_box_rack,,Stock of primers for G8H-CPR library ,Stock of primers for G8H-CPR library 
,,,6,A,9,,,,,,primer_box_rack,,Stock of primers for G8H-CPR library ,Stock of primers for G8H-CPR library 
,,,6,B,1,,,,,,primer_box_rack,,Stock of primers for G8H-CPR library ,Stock of primers for G8H-CPR library 
,,,6,B,2,,,,,,primer_box_rack,,Stock of primers for G8H-CPR library ,Stock of primers for G8H-CPR library 
,,,6,B,3,,,,,,primer_box_rack,,Stock of primers for G8H-CPR library ,Stock of primers for G8H-CPR library 
,,,6,B,4,,,,,,primer_box_rack,,Stock of primers for G8H-CPR library ,Stock of primers for G8H-CPR library 
,,,6,B,5,,,,,,primer_box_rack,,Stock of primers for G8H-CPR library ,Stock of primers for G8H-CPR library 
,,,6,B,6,,,,,,primer_box_rack,,Stock of primers for G8H-CPR library ,Stock of primers for G8H-CPR library 
,,,6,B,7,,,,,,primer_box_rack,,Stock of primers for G8H-CPR library ,Stock of primers for G8H-CPR library 
,,,6,B,8,,,,,,primer_box_rack,,Stock of primers for G8H-CPR library ,Stock of primers for G8H-CPR library 
,,,6,B,9,,,,,,primer_box_rack,,Stock of primers for G8H-CPR library ,Stock of primers for G8H-CPR library 
,,,6,C,1,,,,,,primer_box_rack,,Stock of primers for G8H-CPR library ,Stock of primers for G8H-CPR library 
,,,6,C,2,,,,,,primer_box_rack,,Stock of primers for G8H-CPR library ,Stock of primers for G8H-CPR library 
,,,6,C,3,,,,,,primer_box_rack,,Stock of primers for G8H-CPR library ,Stock of primers for G8H-CPR library 
,,,6,C,4,,,,,,primer_box_rack,,Stock of primers for G8H-CPR library ,Stock of primers for G8H-CPR library 
,,,6,C,5,,,,,,primer_box_rack,,Stock of primers for G8H-CPR library ,Stock of primers for G8H-CPR library 
,,,6,C,6,,,,,,primer_box_rack,,Stock of primers for G8H-CPR library ,Stock of primers for G8H-CPR library 
,,,6,C,7,,,,,,primer_box_rack,,Stock of primers for G8H-CPR library ,Stock of primers for G8H-CPR library 
,,,6,C,8,,,,,,primer_box_rack,,Stock of primers for G8H-CPR library ,Stock of primers for G8H-CPR library 
,,,6,C,9,,,,,,primer_box_rack,,Stock of primers for G8H-CPR library ,Stock of primers for G8H-CPR library 
,,,6,D,1,,,,,,primer_box_rack,,Stock of primers for G8H-CPR library ,Stock of primers for G8H-CPR library 
,,,6,D,2,,,,,,primer_box_rack,,Stock of primers for G8H-CPR library ,Stock of primers for G8H-CPR library 
,,,6,D,3,,,,,,primer_box_rack,,Stock of primers for G8H-CPR library ,Stock of primers for G8H-CPR library 
,,,6,D,4,,,,,,primer_box_rack,,Stock of primers for G8H-CPR library ,Stock of primers for G8H-CPR library 
,,,6,D,5,,,,,,primer_box_rack,,Stock of primers for G8H-CPR library ,Stock of primers for G8H-CPR library 
,,,6,D,6,,,,,,primer_box_rack,,Stock of primers for G8H-CPR library ,Stock of primers for G8H-CPR library 
,,,6,D,7,,,,,,primer_box_rack,,Stock of primers for G8H-CPR library ,Stock of primers for G8H-CPR library 
,,,6,D,8,,,,,,primer_box_rack,,Stock of primers for G8H-CPR library ,Stock of primers for G8H-CPR library 
,,,6,D,9,,,,,,primer_box_rack,,Stock of primers for G8H-CPR library ,Stock of primers for G8H-CPR library 
,,,6,E,1,,,,,,primer_box_rack,,Stock of primers for G8H-CPR library ,Stock of primers for G8H-CPR library 
,,,6,E,2,,,,,,primer_box_rack,,Stock of primers for G8H-CPR library ,Stock of primers for G8H-CPR library 
,,,6,E,3,,,,,,primer_box_rack,,Stock of primers for G8H-CPR library ,Stock of primers for G8H-CPR library 
,,,6,E,4,,,,,,primer_box_rack,,Stock of primers for G8H-CPR library ,Stock of primers for G8H-CPR library 
,,,6,E,5,,,,,,primer_box_rack,,Stock of primers for G8H-CPR library ,Stock of primers for G8H-CPR library 
,,,6,E,6,,,,,,primer_box_rack,,Stock of primers for G8H-CPR library ,Stock of primers for G8H-CPR library 
,,,6,E,7,,,,,,primer_box_rack,,Stock of primers for G8H-CPR library ,Stock of primers for G8H-CPR library 
,,,6,E,8,,,,,,primer_box_rack,,Stock of primers for G8H-CPR library ,Stock of primers for G8H-CPR library 
,,,6,E,9,,,,,,primer_box_rack,,Stock of primers for G8H-CPR library ,Stock of primers for G8H-CPR library 
,,,6,F,1,,,,,,primer_box_rack,,Stock of primers for G8H-CPR library ,Stock of primers for G8H-CPR library 
,,,6,F,2,,,,,,primer_box_rack,,Stock of primers for G8H-CPR library ,Stock of primers for G8H-CPR library 
,,,6,F,3,,,,,,primer_box_rack,,Stock of primers for G8H-CPR library ,Stock of primers for G8H-CPR library 
,,,6,F,4,,,,,,primer_box_rack,,Stock of primers for G8H-CPR library ,Stock of primers for G8H-CPR library 
,,,6,F,5,,,,,,primer_box_rack,,Stock of primers for G8H-CPR library ,Stock of primers for G8H-CPR library 
,,,6,F,6,,,,,,primer_box_rack,,Stock of primers for G8H-CPR library ,Stock of primers for G8H-CPR library 
,,,6,F,7,,,,,,primer_box_rack,,Stock of primers for G8H-CPR library ,Stock of primers for G8H-CPR library 
,,,6,F,8,,,,,,primer_box_rack,,Stock of primers for G8H-CPR library ,Stock of primers for G8H-CPR library 
,,,6,F,9,,,,,,primer_box_rack,,Stock of primers for G8H-CPR library ,Stock of primers for G8H-CPR library 
,,,6,G,1,,,,,,primer_box_rack,,Stock of primers for G8H-CPR library ,Stock of primers for G8H-CPR library 
,,,6,G,2,,,,,,primer_box_rack,,Stock of primers for G8H-CPR library ,Stock of primers for G8H-CPR library 
,,,6,G,3,,,,,,primer_box_rack,,Stock of primers for G8H-CPR library ,Stock of primers for G8H-CPR library 
,,,6,G,4,,,,,,primer_box_rack,,Stock of primers for G8H-CPR library ,Stock of primers for G8H-CPR library 
,,,6,G,5,,,,,,primer_box_rack,,Stock of primers for G8H-CPR library ,Stock of primers for G8H-CPR library 
,,,6,G,6,,,,,,primer_box_rack,,Stock of primers for G8H-CPR library ,Stock of primers for G8H-CPR library 
,,,6,G,7,,,,,,primer_box_rack,,Stock of primers for G8H-CPR library ,Stock of primers for G8H-CPR library 
,,,6,G,8,,,,,,primer_box_rack,,Stock of primers for G8H-CPR library ,Stock of primers for G8H-CPR library 
,,,6,G,9,,,,,,primer_box_rack,,Stock of primers for G8H-CPR library ,Stock of primers for G8H-CPR library 
,,,6,H,1,,,,,,primer_box_rack,,Stock of primers for G8H-CPR library ,Stock of primers for G8H-CPR library 
,,,6,H,2,,,,,,primer_box_rack,,Stock of primers for G8H-CPR library ,Stock of primers for G8H-CPR library 
,,,6,H,3,,,,,,primer_box_rack,,Stock of primers for G8H-CPR library ,Stock of primers for G8H-CPR library 
,,,6,H,4,,,,,,primer_box_rack,,Stock of primers for G8H-CPR library ,Stock of primers for G8H-CPR library 
,,,6,H,5,,,,,,primer_box_rack,,Stock of primers for G8H-CPR library ,Stock of primers for G8H-CPR library 
,,,6,H,6,,,,,,primer_box_rack,,Stock of primers for G8H-CPR library ,Stock of primers for G8H-CPR library 
,,,6,H,7,,,,,,primer_box_rack,,Stock of primers for G8H-CPR library ,Stock of primers for G8H-CPR library 
,,,6,H,8,,,,,,primer_box_rack,,Stock of primers for G8H-CPR library ,Stock of primers for G8H-CPR library 
,,,6,H,9,,,,,,primer_box_rack,,Stock of primers for G8H-CPR library ,Stock of primers for G8H-CPR library 
,,,6,I,1,,,,,,primer_box_rack,,Stock of primers for G8H-CPR library ,Stock of primers for G8H-CPR library 
,,,6,I,2,,,,,,primer_box_rack,,Stock of primers for G8H-CPR library ,Stock of primers for G8H-CPR library 
,,,6,I,3,,,,,,primer_box_rack,,Stock of primers for G8H-CPR library ,Stock of primers for G8H-CPR library 
,,,6,I,4,,,,,,primer_box_rack,,Stock of primers for G8H-CPR library ,Stock of primers for G8H-CPR library 
,,,6,I,5,,,,,,primer_box_rack,,Stock of primers for G8H-CPR library ,Stock of primers for G8H-CPR library 
,,,6,I,6,,,,,,primer_box_rack,,Stock of primers for G8H-CPR library ,Stock of primers for G8H-CPR library 
,,,6,I,7,,,,,,primer_box_rack,,Stock of primers for G8H-CPR library ,Stock of primers for G8H-CPR library 
,,,6,I,8,,,,,,primer_box_rack,,Stock of primers for G8H-CPR library ,Stock of primers for G8H-CPR library 
,,,6,I,9,,,,,,primer_box_rack,,Stock of primers for G8H-CPR library ,Stock of primers for G8H-CPR library 
,,,7,A,1,,,,,,primer_box_rack,,Stock of primers for G8H-CPR library ,Stock of primers for G8H-CPR library 
,,,7,A,2,,,,,,primer_box_rack,,Stock of primers for G8H-CPR library ,Stock of primers for G8H-CPR library 
,,,7,A,3,,,,,,primer_box_rack,,Stock of primers for G8H-CPR library ,Stock of primers for G8H-CPR library 
,,,7,A,4,,,,,,primer_box_rack,,Stock of primers for G8H-CPR library ,Stock of primers for G8H-CPR library 
,,,7,A,5,,,,,,primer_box_rack,,Stock of primers for G8H-CPR library ,Stock of primers for G8H-CPR library 
,,,7,A,6,,,,,,primer_box_rack,,Stock of primers for G8H-CPR library ,Stock of primers for G8H-CPR library 
,,,7,A,7,,,,,,primer_box_rack,,Stock of primers for G8H-CPR library ,Stock of primers for G8H-CPR library 
,,,7,A,8,,,,,,primer_box_rack,,Stock of primers for G8H-CPR library ,Stock of primers for G8H-CPR library 
,,,7,A,9,,,,,,primer_box_rack,,Stock of primers for G8H-CPR library ,Stock of primers for G8H-CPR library 
,,,7,B,1,,,,,,primer_box_rack,,Stock of primers for G8H-CPR library ,Stock of primers for G8H-CPR library 
,,,7,B,2,,,,,,primer_box_rack,,Stock of primers for G8H-CPR library ,Stock of primers for G8H-CPR library 
,,,7,B,3,,,,,,primer_box_rack,,Stock of primers for G8H-CPR library ,Stock of primers for G8H-CPR library 
,,,7,B,4,,,,,,primer_box_rack,,Stock of primers for G8H-CPR library ,Stock of primers for G8H-CPR library 
,,,7,B,5,,,,,,primer_box_rack,,Stock of primers for G8H-CPR library ,Stock of primers for G8H-CPR library 
,,,7,B,6,,,,,,primer_box_rack,,Stock of primers for G8H-CPR library ,Stock of primers for G8H-CPR library 
,,,7,B,7,,,,,,primer_box_rack,,Stock of primers for G8H-CPR library ,Stock of primers for G8H-CPR library 
,,,7,B,8,,,,,,primer_box_rack,,Stock of primers for G8H-CPR library ,Stock of primers for G8H-CPR library 
,,,7,B,9,,,,,,primer_box_rack,,Stock of primers for G8H-CPR library ,Stock of primers for G8H-CPR library 
,,,7,C,1,,,,,,primer_box_rack,,Stock of primers for G8H-CPR library ,Stock of primers for G8H-CPR library 
,,,7,C,2,,,,,,primer_box_rack,,Stock of primers for G8H-CPR library ,Stock of primers for G8H-CPR library 
,,,7,C,3,,,,,,primer_box_rack,,Stock of primers for G8H-CPR library ,Stock of primers for G8H-CPR library 
,,,7,C,4,,,,,,primer_box_rack,,Stock of primers for G8H-CPR library ,Stock of primers for G8H-CPR library 
,,,7,C,5,,,,,,primer_box_rack,,Stock of primers for G8H-CPR library ,Stock of primers for G8H-CPR library 
,,,7,C,6,,,,,,primer_box_rack,,Stock of primers for G8H-CPR library ,Stock of primers for G8H-CPR library 
,,,7,C,7,,,,,,primer_box_rack,,Stock of primers for G8H-CPR library ,Stock of primers for G8H-CPR library 
,,,7,C,8,,,,,,primer_box_rack,,Stock of primers for G8H-CPR library ,Stock of primers for G8H-CPR library 
,,,7,C,9,,,,,,primer_box_rack,,Stock of primers for G8H-CPR library ,Stock of primers for G8H-CPR library 
,,,7,D,1,,,,,,primer_box_rack,,Stock of primers for G8H-CPR library ,Stock of primers for G8H-CPR library 
,,,7,D,2,,,,,,primer_box_rack,,Stock of primers for G8H-CPR library ,Stock of primers for G8H-CPR library 
,,,7,D,3,,,,,,primer_box_rack,,Stock of primers for G8H-CPR library ,Stock of primers for G8H-CPR library 
,,,7,D,4,,,,,,primer_box_rack,,Stock of primers for G8H-CPR library ,Stock of primers for G8H-CPR library 
,,,7,D,5,,,,,,primer_box_rack,,Stock of primers for G8H-CPR library ,Stock of primers for G8H-CPR library 
,,,7,D,6,,,,,,primer_box_rack,,Stock of primers for G8H-CPR library ,Stock of primers for G8H-CPR library 
,,,7,D,7,,,,,,primer_box_rack,,Stock of primers for G8H-CPR library ,Stock of primers for G8H-CPR library 
,,,7,D,8,,,,,,primer_box_rack,,Stock of primers for G8H-CPR library ,Stock of primers for G8H-CPR library 
,,,7,D,9,,,,,,primer_box_rack,,Stock of primers for G8H-CPR library ,Stock of primers for G8H-CPR library 
,,,7,E,1,,,,,,primer_box_rack,,Stock of primers for G8H-CPR library ,Stock of primers for G8H-CPR library 
,,,7,E,2,,,,,,primer_box_rack,,Stock of primers for G8H-CPR library ,Stock of primers for G8H-CPR library 
,,,7,E,3,,,,,,primer_box_rack,,Stock of primers for G8H-CPR library ,Stock of primers for G8H-CPR library 
,,,7,E,4,,,,,,primer_box_rack,,Stock of primers for G8H-CPR library ,Stock of primers for G8H-CPR library 
,,,7,E,5,,,,,,primer_box_rack,,Stock of primers for G8H-CPR library ,Stock of primers for G8H-CPR library 
,,,7,E,6,,,,,,primer_box_rack,,Stock of primers for G8H-CPR library ,Stock of primers for G8H-CPR library 
,,,7,E,7,,,,,,primer_box_rack,,Stock of primers for G8H-CPR library ,Stock of primers for G8H-CPR library 
,,,7,E,8,,,,,,primer_box_rack,,Stock of primers for G8H-CPR library ,Stock of primers for G8H-CPR library 
,,,7,E,9,,,,,,primer_box_rack,,Stock of primers for G8H-CPR library ,Stock of primers for G8H-CPR library 
,,,7,F,1,,,,,,primer_box_rack,,Stock of primers for G8H-CPR library ,Stock of primers for G8H-CPR library 
,,,7,F,2,,,,,,primer_box_rack,,Stock of primers for G8H-CPR library ,Stock of primers for G8H-CPR library 
,,,7,F,3,,,,,,primer_box_rack,,Stock of primers for G8H-CPR library ,Stock of primers for G8H-CPR library 
,,,7,F,4,,,,,,primer_box_rack,,Stock of primers for G8H-CPR library ,Stock of primers for G8H-CPR library 
,,,7,F,5,,,,,,primer_box_rack,,Stock of primers for G8H-CPR library ,Stock of primers for G8H-CPR library 
,,,7,F,6,,,,,,primer_box_rack,,Stock of primers for G8H-CPR library ,Stock of primers for G8H-CPR library 
,,,7,F,7,,,,,,primer_box_rack,,Stock of primers for G8H-CPR library ,Stock of primers for G8H-CPR library 
,,,7,F,8,,,,,,primer_box_rack,,Stock of primers for G8H-CPR library ,Stock of primers for G8H-CPR library 
,,,7,F,9,,,,,,primer_box_rack,,Stock of primers for G8H-CPR library ,Stock of primers for G8H-CPR library 
,,,7,G,1,,,,,,primer_box_rack,,Stock of primers for G8H-CPR library ,Stock of primers for G8H-CPR library 
,,,7,G,2,,,,,,primer_box_rack,,Stock of primers for G8H-CPR library ,Stock of primers for G8H-CPR library 
,,,7,G,3,,,,,,primer_box_rack,,Stock of primers for G8H-CPR library ,Stock of primers for G8H-CPR library 
,,,7,G,4,,,,,,primer_box_rack,,Stock of primers for G8H-CPR library ,Stock of primers for G8H-CPR library 
,,,7,G,5,,,,,,primer_box_rack,,Stock of primers for G8H-CPR library ,Stock of primers for G8H-CPR library 
,,,7,G,6,,,,,,primer_box_rack,,Stock of primers for G8H-CPR library ,Stock of primers for G8H-CPR library 
,,,7,G,7,,,,,,primer_box_rack,,Stock of primers for G8H-CPR library ,Stock of primers for G8H-CPR library 
,,,7,G,8,,,,,,primer_box_rack,,Stock of primers for G8H-CPR library ,Stock of primers for G8H-CPR library 
,,,7,G,9,,,,,,primer_box_rack,,Stock of primers for G8H-CPR library ,Stock of primers for G8H-CPR library 
,,,7,H,1,,,,,,primer_box_rack,,Stock of primers for G8H-CPR library ,Stock of primers for G8H-CPR library 
,,,7,H,2,,,,,,primer_box_rack,,Stock of primers for G8H-CPR library ,Stock of primers for G8H-CPR library 
,,,7,H,3,,,,,,primer_box_rack,,Stock of primers for G8H-CPR library ,Stock of primers for G8H-CPR library 
,,,7,H,4,,,,,,primer_box_rack,,Stock of primers for G8H-CPR library ,Stock of primers for G8H-CPR library 
,,,7,H,5,,,,,,primer_box_rack,,Stock of primers for G8H-CPR library ,Stock of primers for G8H-CPR library 
,,,7,H,6,,,,,,primer_box_rack,,Stock of primers for G8H-CPR library ,Stock of primers for G8H-CPR library 
,,,7,H,7,,,,,,primer_box_rack,,Stock of primers for G8H-CPR library ,Stock of primers for G8H-CPR library 
,,,7,H,8,,,,,,primer_box_rack,,Stock of primers for G8H-CPR library ,Stock of primers for G8H-CPR library 
,,,7,H,9,,,,,,primer_box_rack,,Stock of primers for G8H-CPR library ,Stock of primers for G8H-CPR library 
,,,7,I,1,,,,,,primer_box_rack,,Stock of primers for G8H-CPR library ,Stock of primers for G8H-CPR library 
,,,7,I,2,,,,,,primer_box_rack,,Stock of primers for G8H-CPR library ,Stock of primers for G8H-CPR library 
,,,7,I,3,,,,,,primer_box_rack,,Stock of primers for G8H-CPR library ,Stock of primers for G8H-CPR library 
,,,7,I,4,,,,,,primer_box_rack,,Stock of primers for G8H-CPR library ,Stock of primers for G8H-CPR library 
,,,7,I,5,,,,,,primer_box_rack,,Stock of primers for G8H-CPR library ,Stock of primers for G8H-CPR library 
,,,7,I,6,,,,,,primer_box_rack,,Stock of primers for G8H-CPR library ,Stock of primers for G8H-CPR library 
,,,7,I,7,,,,,,primer_box_rack,,Stock of primers for G8H-CPR library ,Stock of primers for G8H-CPR library 
,,,7,I,8,,,,,,primer_box_rack,,Stock of primers for G8H-CPR library ,Stock of primers for G8H-CPR library 
,,,7,I,9,,,,,,primer_box_rack,,Stock of primers for G8H-CPR library ,Stock of primers for G8H-CPR library 
,,,8,A,1,,,,,,primer_box_rack,,Stock of primers for G8H-CPR library ,Stock of primers for G8H-CPR library 
,,,8,A,2,,,,,,primer_box_rack,,Stock of primers for G8H-CPR library ,Stock of primers for G8H-CPR library 
,,,8,A,3,,,,,,primer_box_rack,,Stock of primers for G8H-CPR library ,Stock of primers for G8H-CPR library 
,,,8,A,4,,,,,,primer_box_rack,,Stock of primers for G8H-CPR library ,Stock of primers for G8H-CPR library 
,,,8,A,5,,,,,,primer_box_rack,,Stock of primers for G8H-CPR library ,Stock of primers for G8H-CPR library 
,,,8,A,6,,,,,,primer_box_rack,,Stock of primers for G8H-CPR library ,Stock of primers for G8H-CPR library 
,,,8,A,7,,,,,,primer_box_rack,,Stock of primers for G8H-CPR library ,Stock of primers for G8H-CPR library 
,,,8,A,8,,,,,,primer_box_rack,,Stock of primers for G8H-CPR library ,Stock of primers for G8H-CPR library 
,,,8,A,9,,,,,,primer_box_rack,,Stock of primers for G8H-CPR library ,Stock of primers for G8H-CPR library 
,,,8,B,1,,,,,,primer_box_rack,,Stock of primers for G8H-CPR library ,Stock of primers for G8H-CPR library 
,,,8,B,2,,,,,,primer_box_rack,,Stock of primers for G8H-CPR library ,Stock of primers for G8H-CPR library 
,,,8,B,3,,,,,,primer_box_rack,,Stock of primers for G8H-CPR library ,Stock of primers for G8H-CPR library 
,,,8,B,4,,,,,,primer_box_rack,,Stock of primers for G8H-CPR library ,Stock of primers for G8H-CPR library 
,,,8,B,5,,,,,,primer_box_rack,,Stock of primers for G8H-CPR library ,Stock of primers for G8H-CPR library 
,,,8,B,6,,,,,,primer_box_rack,,Stock of primers for G8H-CPR library ,Stock of primers for G8H-CPR library 
,,,8,B,7,,,,,,primer_box_rack,,Stock of primers for G8H-CPR library ,Stock of primers for G8H-CPR library 
,,,8,B,8,,,,,,primer_box_rack,,Stock of primers for G8H-CPR library ,Stock of primers for G8H-CPR library 
,,,8,B,9,,,,,,primer_box_rack,,Stock of primers for G8H-CPR library ,Stock of primers for G8H-CPR library 
,,,8,C,1,,,,,,primer_box_rack,,Stock of primers for G8H-CPR library ,Stock of primers for G8H-CPR library 
,,,8,C,2,,,,,,primer_box_rack,,Stock of primers for G8H-CPR library ,Stock of primers for G8H-CPR library 
,,,8,C,3,,,,,,primer_box_rack,,Stock of primers for G8H-CPR library ,Stock of primers for G8H-CPR library 
,,,8,C,4,,,,,,primer_box_rack,,Stock of primers for G8H-CPR library ,Stock of primers for G8H-CPR library 
,,,8,C,5,,,,,,primer_box_rack,,Stock of primers for G8H-CPR library ,Stock of primers for G8H-CPR library 
,,,8,C,6,,,,,,primer_box_rack,,Stock of primers for G8H-CPR library ,Stock of primers for G8H-CPR library 
,,,8,C,7,,,,,,primer_box_rack,,Stock of primers for G8H-CPR library ,Stock of primers for G8H-CPR library 
,,,8,C,8,,,,,,primer_box_rack,,Stock of primers for G8H-CPR library ,Stock of primers for G8H-CPR library 
,,,8,C,9,,,,,,primer_box_rack,,Stock of primers for G8H-CPR library ,Stock of primers for G8H-CPR library 
,,,8,D,1,,,,,,primer_box_rack,,Stock of primers for G8H-CPR library ,Stock of primers for G8H-CPR library 
,,,8,D,2,,,,,,primer_box_rack,,Stock of primers for G8H-CPR library ,Stock of primers for G8H-CPR library 
,,,8,D,3,,,,,,primer_box_rack,,Stock of primers for G8H-CPR library ,Stock of primers for G8H-CPR library 
,,,8,D,4,,,,,,primer_box_rack,,Stock of primers for G8H-CPR library ,Stock of primers for G8H-CPR library 
,,,8,D,5,,,,,,primer_box_rack,,Stock of primers for G8H-CPR library ,Stock of primers for G8H-CPR library 
,,,8,D,6,,,,,,primer_box_rack,,Stock of primers for G8H-CPR library ,Stock of primers for G8H-CPR library 
,,,8,D,7,,,,,,primer_box_rack,,Stock of primers for G8H-CPR library ,Stock of primers for G8H-CPR library 
,,,8,D,8,,,,,,primer_box_rack,,Stock of primers for G8H-CPR library ,Stock of primers for G8H-CPR library 
,,,8,D,9,,,,,,primer_box_rack,,Stock of primers for G8H-CPR library ,Stock of primers for G8H-CPR library 
,,,8,E,1,,,,,,primer_box_rack,,Stock of primers for G8H-CPR library ,Stock of primers for G8H-CPR library 
,,,8,E,2,,,,,,primer_box_rack,,Stock of primers for G8H-CPR library ,Stock of primers for G8H-CPR library 
,,,8,E,3,,,,,,primer_box_rack,,Stock of primers for G8H-CPR library ,Stock of primers for G8H-CPR library 
,,,8,E,4,,,,,,primer_box_rack,,Stock of primers for G8H-CPR library ,Stock of primers for G8H-CPR library 
,,,8,E,5,,,,,,primer_box_rack,,Stock of primers for G8H-CPR library ,Stock of primers for G8H-CPR library 
,,,8,E,6,,,,,,primer_box_rack,,Stock of primers for G8H-CPR library ,Stock of primers for G8H-CPR library 
,,,8,E,7,,,,,,primer_box_rack,,Stock of primers for G8H-CPR library ,Stock of primers for G8H-CPR library 
,,,8,E,8,,,,,,primer_box_rack,,Stock of primers for G8H-CPR library ,Stock of primers for G8H-CPR library 
,,,8,E,9,,,,,,primer_box_rack,,Stock of primers for G8H-CPR library ,Stock of primers for G8H-CPR library 
,,,8,F,1,,,,,,primer_box_rack,,Stock of primers for G8H-CPR library ,Stock of primers for G8H-CPR library 
,,,8,F,2,,,,,,primer_box_rack,,Stock of primers for G8H-CPR library ,Stock of primers for G8H-CPR library 
,,,8,F,3,,,,,,primer_box_rack,,Stock of primers for G8H-CPR library ,Stock of primers for G8H-CPR library 
,,,8,F,4,,,,,,primer_box_rack,,Stock of primers for G8H-CPR library ,Stock of primers for G8H-CPR library 
,,,8,F,5,,,,,,primer_box_rack,,Stock of primers for G8H-CPR library ,Stock of primers for G8H-CPR library 
,,,8,F,6,,,,,,primer_box_rack,,Stock of primers for G8H-CPR library ,Stock of primers for G8H-CPR library 
,,,8,F,7,,,,,,primer_box_rack,,Stock of primers for G8H-CPR library ,Stock of primers for G8H-CPR library 
,,,8,F,8,,,,,,primer_box_rack,,Stock of primers for G8H-CPR library ,Stock of primers for G8H-CPR library 
,,,8,F,9,,,,,,primer_box_rack,,Stock of primers for G8H-CPR library ,Stock of primers for G8H-CPR library 
,,,8,G,1,,,,,,primer_box_rack,,Stock of primers for G8H-CPR library ,Stock of primers for G8H-CPR library 
,,,8,G,2,,,,,,primer_box_rack,,Stock of primers for G8H-CPR library ,Stock of primers for G8H-CPR library 
,,,8,G,3,,,,,,primer_box_rack,,Stock of primers for G8H-CPR library ,Stock of primers for G8H-CPR library 
,,,8,G,4,,,,,,primer_box_rack,,Stock of primers for G8H-CPR library ,Stock of primers for G8H-CPR library 
,,,8,G,5,,,,,,primer_box_rack,,Stock of primers for G8H-CPR library ,Stock of primers for G8H-CPR library 
,,,8,G,6,,,,,,primer_box_rack,,Stock of primers for G8H-CPR library ,Stock of primers for G8H-CPR library 
,,,8,G,7,,,,,,primer_box_rack,,Stock of primers for G8H-CPR library ,Stock of primers for G8H-CPR library 
,,,8,G,8,,,,,,primer_box_rack,,Stock of primers for G8H-CPR library ,Stock of primers for G8H-CPR library 
,,,8,G,9,,,,,,primer_box_rack,,Stock of primers for G8H-CPR library ,Stock of primers for G8H-CPR library 
,,,8,H,1,,,,,,primer_box_rack,,Stock of primers for G8H-CPR library ,Stock of primers for G8H-CPR library 
,,,8,H,2,,,,,,primer_box_rack,,Stock of primers for G8H-CPR library ,Stock of primers for G8H-CPR library 
,,,8,H,3,,,,,,primer_box_rack,,Stock of primers for G8H-CPR library ,Stock of primers for G8H-CPR library 
,,,8,H,4,,,,,,primer_box_rack,,Stock of primers for G8H-CPR library ,Stock of primers for G8H-CPR library 
,,,8,H,5,,,,,,primer_box_rack,,Stock of primers for G8H-CPR library ,Stock of primers for G8H-CPR library 
,,,8,H,6,,,,,,primer_box_rack,,Stock of primers for G8H-CPR library ,Stock of primers for G8H-CPR library 
,,,8,H,7,,,,,,primer_box_rack,,Stock of primers for G8H-CPR library ,Stock of primers for G8H-CPR library 
,,,8,H,8,,,,,,primer_box_rack,,Stock of primers for G8H-CPR library ,Stock of primers for G8H-CPR library 
,,,8,H,9,,,,,,primer_box_rack,,Stock of primers for G8H-CPR library ,Stock of primers for G8H-CPR library 
,,,8,I,1,,,,,,primer_box_rack,,Stock of primers for G8H-CPR library ,Stock of primers for G8H-CPR library 
,,,8,I,2,,,,,,primer_box_rack,,Stock of primers for G8H-CPR library ,Stock of primers for G8H-CPR library 
,,,8,I,3,,,,,,primer_box_rack,,Stock of primers for G8H-CPR library ,Stock of primers for G8H-CPR library 
,,,8,I,4,,,,,,primer_box_rack,,Stock of primers for G8H-CPR library ,Stock of primers for G8H-CPR library 
,,,8,I,5,,,,,,primer_box_rack,,Stock of primers for G8H-CPR library ,Stock of primers for G8H-CPR library 
,,,8,I,6,,,,,,primer_box_rack,,Stock of primers for G8H-CPR library ,Stock of primers for G8H-CPR library 
,,,8,I,7,,,,,,primer_box_rack,,Stock of primers for G8H-CPR library ,Stock of primers for G8H-CPR library 
,,,8,I,8,,,,,,primer_box_rack,,Stock of primers for G8H-CPR library ,Stock of primers for G8H-CPR library 
,,,8,I,9,,,,,,primer_box_rack,,Stock of primers for G8H-CPR library ,Stock of primers for G8H-CPR library 
,,,9,A,1,,,,,,primer_box_rack,,Stock of primers for G8H-CPR library ,Stock of primers for G8H-CPR library 
,,,9,A,2,,,,,,primer_box_rack,,Stock of primers for G8H-CPR library ,Stock of primers for G8H-CPR library 
,,,9,A,3,,,,,,primer_box_rack,,Stock of primers for G8H-CPR library ,Stock of primers for G8H-CPR library 
,,,9,A,4,,,,,,primer_box_rack,,Stock of primers for G8H-CPR library ,Stock of primers for G8H-CPR library 
,,,9,A,5,,,,,,primer_box_rack,,Stock of primers for G8H-CPR library ,Stock of primers for G8H-CPR library 
,,,9,A,6,,,,,,primer_box_rack,,Stock of primers for G8H-CPR library ,Stock of primers for G8H-CPR library 
,,,9,A,7,,,,,,primer_box_rack,,Stock of primers for G8H-CPR library ,Stock of primers for G8H-CPR library 
,,,9,A,8,,,,,,primer_box_rack,,Stock of primers for G8H-CPR library ,Stock of primers for G8H-CPR library 
,,,9,A,9,,,,,,primer_box_rack,,Stock of primers for G8H-CPR library ,Stock of primers for G8H-CPR library 
,,,9,B,1,,,,,,primer_box_rack,,Stock of primers for G8H-CPR library ,Stock of primers for G8H-CPR library 
,,,9,B,2,,,,,,primer_box_rack,,Stock of primers for G8H-CPR library ,Stock of primers for G8H-CPR library 
,,,9,B,3,,,,,,primer_box_rack,,Stock of primers for G8H-CPR library ,Stock of primers for G8H-CPR library 
,,,9,B,4,,,,,,primer_box_rack,,Stock of primers for G8H-CPR library ,Stock of primers for G8H-CPR library 
,,,9,B,5,,,,,,primer_box_rack,,Stock of primers for G8H-CPR library ,Stock of primers for G8H-CPR library 
,,,9,B,6,,,,,,primer_box_rack,,Stock of primers for G8H-CPR library ,Stock of primers for G8H-CPR library 
,,,9,B,7,,,,,,primer_box_rack,,Stock of primers for G8H-CPR library ,Stock of primers for G8H-CPR library 
,,,9,B,8,,,,,,primer_box_rack,,Stock of primers for G8H-CPR library ,Stock of primers for G8H-CPR library 
,,,9,B,9,,,,,,primer_box_rack,,Stock of primers for G8H-CPR library ,Stock of primers for G8H-CPR library 
,,,9,C,1,,,,,,primer_box_rack,,Stock of primers for G8H-CPR library ,Stock of primers for G8H-CPR library 
,,,9,C,2,,,,,,primer_box_rack,,Stock of primers for G8H-CPR library ,Stock of primers for G8H-CPR library 
,,,9,C,3,,,,,,primer_box_rack,,Stock of primers for G8H-CPR library ,Stock of primers for G8H-CPR library 
,,,9,C,4,,,,,,primer_box_rack,,Stock of primers for G8H-CPR library ,Stock of primers for G8H-CPR library 
,,,9,C,5,,,,,,primer_box_rack,,Stock of primers for G8H-CPR library ,Stock of primers for G8H-CPR library 
,,,9,C,6,,,,,,primer_box_rack,,Stock of primers for G8H-CPR library ,Stock of primers for G8H-CPR library 
,,,9,C,7,,,,,,primer_box_rack,,Stock of primers for G8H-CPR library ,Stock of primers for G8H-CPR library 
,,,9,C,8,,,,,,primer_box_rack,,Stock of primers for G8H-CPR library ,Stock of primers for G8H-CPR library 
,,,9,C,9,,,,,,primer_box_rack,,Stock of primers for G8H-CPR library ,Stock of primers for G8H-CPR library 
,,,9,D,1,,,,,,primer_box_rack,,Stock of primers for G8H-CPR library ,Stock of primers for G8H-CPR library 
,,,9,D,2,,,,,,primer_box_rack,,Stock of primers for G8H-CPR library ,Stock of primers for G8H-CPR library 
,,,9,D,3,,,,,,primer_box_rack,,Stock of primers for G8H-CPR library ,Stock of primers for G8H-CPR library 
,,,9,D,4,,,,,,primer_box_rack,,Stock of primers for G8H-CPR library ,Stock of primers for G8H-CPR library 
,,,9,D,5,,,,,,primer_box_rack,,Stock of primers for G8H-CPR library ,Stock of primers for G8H-CPR library 
,,,9,D,6,,,,,,primer_box_rack,,Stock of primers for G8H-CPR library ,Stock of primers for G8H-CPR library 
,,,9,D,7,,,,,,primer_box_rack,,Stock of primers for G8H-CPR library ,Stock of primers for G8H-CPR library 
,,,9,D,8,,,,,,primer_box_rack,,Stock of primers for G8H-CPR library ,Stock of primers for G8H-CPR library 
,,,9,D,9,,,,,,primer_box_rack,,Stock of primers for G8H-CPR library ,Stock of primers for G8H-CPR library 
,,,9,E,1,,,,,,primer_box_rack,,Stock of primers for G8H-CPR library ,Stock of primers for G8H-CPR library 
,,,9,E,2,,,,,,primer_box_rack,,Stock of primers for G8H-CPR library ,Stock of primers for G8H-CPR library 
,,,9,E,3,,,,,,primer_box_rack,,Stock of primers for G8H-CPR library ,Stock of primers for G8H-CPR library 
,,,9,E,4,,,,,,primer_box_rack,,Stock of primers for G8H-CPR library ,Stock of primers for G8H-CPR library 
,,,9,E,5,,,,,,primer_box_rack,,Stock of primers for G8H-CPR library ,Stock of primers for G8H-CPR library 
,,,9,E,6,,,,,,primer_box_rack,,Stock of primers for G8H-CPR library ,Stock of primers for G8H-CPR library 
,,,9,E,7,,,,,,primer_box_rack,,Stock of primers for G8H-CPR library ,Stock of primers for G8H-CPR library 
,,,9,E,8,,,,,,primer_box_rack,,Stock of primers for G8H-CPR library ,Stock of primers for G8H-CPR library 
,,,9,E,9,,,,,,primer_box_rack,,Stock of primers for G8H-CPR library ,Stock of primers for G8H-CPR library 
,,,9,F,1,,,,,,primer_box_rack,,Stock of primers for G8H-CPR library ,Stock of primers for G8H-CPR library 
,,,9,F,2,,,,,,primer_box_rack,,Stock of primers for G8H-CPR library ,Stock of primers for G8H-CPR library 
,,,9,F,3,,,,,,primer_box_rack,,Stock of primers for G8H-CPR library ,Stock of primers for G8H-CPR library 
,,,9,F,4,,,,,,primer_box_rack,,Stock of primers for G8H-CPR library ,Stock of primers for G8H-CPR library 
,,,9,F,5,,,,,,primer_box_rack,,Stock of primers for G8H-CPR library ,Stock of primers for G8H-CPR library 
,,,9,F,6,,,,,,primer_box_rack,,Stock of primers for G8H-CPR library ,Stock of primers for G8H-CPR library 
,,,9,F,7,,,,,,primer_box_rack,,Stock of primers for G8H-CPR library ,Stock of primers for G8H-CPR library 
,,,9,F,8,,,,,,primer_box_rack,,Stock of primers for G8H-CPR library ,Stock of primers for G8H-CPR library 
,,,9,F,9,,,,,,primer_box_rack,,Stock of primers for G8H-CPR library ,Stock of primers for G8H-CPR library 
,,,9,G,1,,,,,,primer_box_rack,,Stock of primers for G8H-CPR library ,Stock of primers for G8H-CPR library 
,,,9,G,2,,,,,,primer_box_rack,,Stock of primers for G8H-CPR library ,Stock of primers for G8H-CPR library 
,,,9,G,3,,,,,,primer_box_rack,,Stock of primers for G8H-CPR library ,Stock of primers for G8H-CPR library 
,,,9,G,4,,,,,,primer_box_rack,,Stock of primers for G8H-CPR library ,Stock of primers for G8H-CPR library 
,,,9,G,5,,,,,,primer_box_rack,,Stock of primers for G8H-CPR library ,Stock of primers for G8H-CPR library 
,,,9,G,6,,,,,,primer_box_rack,,Stock of primers for G8H-CPR library ,Stock of primers for G8H-CPR library 
,,,9,G,7,,,,,,primer_box_rack,,Stock of primers for G8H-CPR library ,Stock of primers for G8H-CPR library 
,,,9,G,8,,,,,,primer_box_rack,,Stock of primers for G8H-CPR library ,Stock of primers for G8H-CPR library 
,,,9,G,9,,,,,,primer_box_rack,,Stock of primers for G8H-CPR library ,Stock of primers for G8H-CPR library 
,,,9,H,1,,,,,,primer_box_rack,,Stock of primers for G8H-CPR library ,Stock of primers for G8H-CPR library 
,,,9,H,2,,,,,,primer_box_rack,,Stock of primers for G8H-CPR library ,Stock of primers for G8H-CPR library 
,,,9,H,3,,,,,,primer_box_rack,,Stock of primers for G8H-CPR library ,Stock of primers for G8H-CPR library 
,,,9,H,4,,,,,,primer_box_rack,,Stock of primers for G8H-CPR library ,Stock of primers for G8H-CPR library 
,,,9,H,5,,,,,,primer_box_rack,,Stock of primers for G8H-CPR library ,Stock of primers for G8H-CPR library 
,,,9,H,6,,,,,,primer_box_rack,,Stock of primers for G8H-CPR library ,Stock of primers for G8H-CPR library 
,,,9,H,7,,,,,,primer_box_rack,,Stock of primers for G8H-CPR library ,Stock of primers for G8H-CPR library 
,,,9,H,8,,,,,,primer_box_rack,,Stock of primers for G8H-CPR library ,Stock of primers for G8H-CPR library 
,,,9,H,9,,,,,,primer_box_rack,,Stock of primers for G8H-CPR library ,Stock of primers for G8H-CPR library 
,,,9,I,1,,,,,,primer_box_rack,,Stock of primers for G8H-CPR library ,Stock of primers for G8H-CPR library 
,,,9,I,2,,,,,,primer_box_rack,,Stock of primers for G8H-CPR library ,Stock of primers for G8H-CPR library 
,,,9,I,3,,,,,,primer_box_rack,,Stock of primers for G8H-CPR library ,Stock of primers for G8H-CPR library 
,,,9,I,4,,,,,,primer_box_rack,,Stock of primers for G8H-CPR library ,Stock of primers for G8H-CPR library 
,,,9,I,5,,,,,,primer_box_rack,,Stock of primers for G8H-CPR library ,Stock of primers for G8H-CPR library 
,,,9,I,6,,,,,,primer_box_rack,,Stock of primers for G8H-CPR library ,Stock of primers for G8H-CPR library 
,,,9,I,7,,,,,,primer_box_rack,,Stock of primers for G8H-CPR library ,Stock of primers for G8H-CPR library 
,,,9,I,8,,,,,,primer_box_rack,,Stock of primers for G8H-CPR library ,Stock of primers for G8H-CPR library 
